Input_Name,status,rag_top1,rag_candidates,standard_name,brand,power_source,specification,fallback_used
180mm 샌더,success,샌더,"샌더, 앵글그라인더, 스패너세트, 편구스패너, 스패너, 플라이어렌치, 육각렌치, 충전드릴, 육각렌치세트, 클램프미터, 냉동라쳇렌치, 스냅링플라이어, 레이저거리측정기, 기어렌치세트, 충전해머드릴",샌더,,,180mm,False
LED 손전등,success,LED손전등,"LED손전등, LED작업등, LED투광기, 손타카, 안전장갑, 전정톱, 전동공구세트, 전동타카, 안전모, 전선릴, 전기인두, 안전로프, 핸드카트, 전동드릴, SDS드릴비트",LED손전등,,,,False
경랑몽키(8인치),success,몽키렌치,"몽키렌치, 보안경, 앵글그라인더, 전기인두, 납볼망치, 망치, 돌망치, 그립망치, 고무망치, 빠루망치, 토크렌치, 핀펀치, 센터펀치, 렌치, 파이프렌치",몽키렌치,,,,True
고압세척기,success,고압세척기,"고압세척기, 고속절단기, 전동압착기, 열풍기, 송풍기, 고지가위, 직소기, 고무망치, 기어렌치세트, 스프링배관청소기, 라돈측정기, 세트, 수평기, 전동공구세트, 석고대패",고압세척기,,,,False
바이스플라이어,success,바이스그립플라이어,"바이스그립플라이어, 플라이어, 스냅링플라이어, 워터펌프플라이어, 다이아고날플라이어, 플라이어세트, 롱노즈플라이어, 플라이어렌치, 굽은노즈플라이어, 와이어스트리퍼, 다이스세트, 드라이버, 임팩트드라이버, 전동드라이버, 양용드라이버",바이스그립플라이어,,,,False
보쉬 pushdrive,success,보안경,"보안경, 펜치, 볼렌치세트, 충전임팩트드라이버, 볼렌치, 충전드릴, SDS드릴비트, 바이스그립플라이어, 임팩트드라이버, 비트세트, 드라이버세트, 핀펀치, 볼트컷터, 드라이버, 다이스세트",보안경,,,,True
보쉬 수공구세트,success,공구세트,"공구세트, 전동공구세트, 공구함세트, 공구함, 세트, 볼렌치세트, 철공용드릴비트세트, 스패너세트, 비트세트, 소켓렌치세트, 라쳇렌치세트, T렌치세트, 탭세트, 기어렌치세트, 다이스세트",공구세트,보쉬,수동,,False
임팩트 진동드릴,success,임팩트드릴,"임팩트드릴, 전동드릴, 임팩트드라이버, 충전임팩트드라이버, 충전드릴, 해머드릴, 드릴비트, 전동드라이버, 드릴비트세트, 철공용드릴비트, 목공용드릴비트, 철공용드릴비트세트, SDS드릴비트, 로터리해머드릴, 충전해머드릴",임팩트드릴,,,,True
저소음 컴프레서,success,에어컴프레서,"에어컴프레서, 레이저수평기, 직소기, 레이저거리측정기, 스프링배관청소기, 스크레퍼, 클램프미터, 왕복톱(레시프로쏘), 소켓렌치세트, 워터펌프플라이어, 에어펌프, 송풍기, 고압세척기, F클램프, 파이프렌치",에어컴프레서,,,,True
"전동드릴(무선, 보쉬)",success,전동드릴,"전동드릴, 전동드라이버, 충전드릴, 전선릴, 전동압착기, 전동타카, 임팩트드릴, 충전해머드릴, 전동공구세트, 해머드릴, 드릴비트, 목공용드릴비트, SDS드릴비트, 철공용드릴비트, 로터리해머드릴",전동드릴,,,,True
충전 드라이버/렌치,success,충전임팩트드라이버,"충전임팩트드라이버, 드라이버, 전동드라이버, 충전드릴, 드라이버세트, 양용드라이버, T핸드드라이버, 임팩트드라이버, 충전해머드릴, 플라이어렌치, 렌치, 정밀드라이버세트, 만능렌치, 라쳇렌치세트, 육각렌치",충전임팩트드라이버,,,,True
충전 드라이버드릴,success,충전드릴,"충전드릴, 충전임팩트드라이버, 충전해머드릴, 드라이버, 전동드라이버, 드라이버세트, 양용드라이버, T핸드드라이버, 임팩트드라이버, 전동드릴, 정밀드라이버세트, 드릴비트, 해머드릴, 임팩트드릴, SDS드릴비트",충전드릴,,,,True
충전 멀티커터,success,멀티테스터,"멀티테스터, 커터, 충전드릴, 충전해머드릴, 커터칼, 충전임팩트드라이버, 케이블컷터, 볼트컷터, 배터리팩, 타일컷터, PVC컷터, 전정톱, 카운터싱크, 전동압착기, 전동공구세트",멀티테스터,,,,True
(1)접톱,success,접톱,"접톱, 목공용접톱, 톱, 쇠톱, 원형톱, 전정톱, 테이블톱, 목공톱, 왕복톱(레시프로쏘), 직각자, 에어펌프, 스냅링플라이어, 커터, 커터칼, 끌세트",접톱,,,,False
(11)육각렌치,success,육각렌치,"육각렌치, 육각렌치세트, 렌치, 옵셋렌치, 만능렌치, 별렌치세트, 몽키렌치, 냉동라쳇렌치, 플라이어렌치, 토크렌치, 소켓렌치세트, 라쳇렌치세트, 조합렌치세트, 파이프렌치, 기어렌치세트",육각렌치,,,,True
(12)검전기,success,검전기,"검전기, 전기인두, 전동압착기, 직소기, 전정톱, 열풍기, 수평기, 송풍기, LED투광기, 전지가위, 라돈측정기, 고속절단기, 레이저수평기, 전동드릴, 전동타카",검전기,,,,False
(13)망치,success,망치,"망치, 돌망치, 고무망치, 그립망치, 납볼망치, 빠루망치, 렌치, 펜치, 핀펀치, 옵셋렌치, 몽키렌치, 만능렌치, 볼렌치, 별렌치세트, 육각렌치",망치,,,,False
(14)커터칼,success,커터칼,"커터칼, 커터, 케이블컷터, 타일컷터, 볼트컷터, PVC컷터, 카운터싱크, 절단석, 로터리해머드릴, 워터펌프플라이어, 배터리팩, 고속절단기, 앤드컷팅니퍼, 목공톱, 클램프미터",커터칼,,,,False
(15)펜치,success,펜치,"펜치, 렌치, 망치, 핀펀치, 옵셋렌치, 토크렌치, 만능렌치, 몽키렌치, 별렌치세트, 볼렌치, 파이프렌치, 돌망치, 볼렌치세트, 플라이어렌치, 센터펀치",펜치,,,,True
(16)롱노우즈 플라이어(라디오펜치),success,롱노즈플라이어,"롱노즈플라이어, 굽은노즈플라이어, 플라이어, 플라이어렌치, 펜치, 플라이어세트, 스냅링플라이어, 다이아고날플라이어, 워터펌프플라이어, 바이스그립플라이어, 냉동라쳇렌치, 라쳇렌치세트, 드라이버, 렌치, 양용드라이버",롱노즈플라이어,,수동,,False
(17)스패너,success,스패너,"스패너, 스패너세트, 편구스패너, 대패, 스크레퍼, 석고대패, 스냅링플라이어, 샌더, 멀티테스터, 와이어스트리퍼, 버니어캘리퍼스, 스프링배관청소기, 가스토치, 플라이어, 글루스틱",스패너,,,,True
(18)손전등,success,LED손전등,"LED손전등, 손타카, LED작업등, 전정톱, 검전기, 안전장갑, 전선릴, 안전모, 전지가위, 전기인두, 전동드릴, 전동타카, 충전드릴, 안전로프, 전동공구세트",LED손전등,,,,False
(19)소켓렌치 세트,success,소켓렌치세트,"소켓렌치세트, 별렌치세트, 라쳇렌치세트, 조합렌치세트, 육각렌치세트, 볼렌치세트, 기어렌치세트, T렌치세트, 렌치, 옵셋렌치, 세트, 육각렌치, 몽키렌치, 토크렌치, 만능렌치",소켓렌치세트,,,,True
(20)유선 전동드릴,success,전동드릴,"전동드릴, 전동드라이버, 전선릴, 충전드릴, 전동타카, 전동압착기, 임팩트드릴, 충전해머드릴, 전동공구세트, 해머드릴, 드릴비트, 목공용드릴비트, SDS드릴비트, 로터리해머드릴, 철공용드릴비트",전동드릴,,,,True
"(20, 55)드릴비트세트",success,드릴비트세트,"드릴비트세트, 드릴비트, 철공용드릴비트세트, 콘크리트드릴비트세트, 비트세트, SDS드릴비트, 목공용드릴비트, 철공용드릴비트, 콘크리트용드릴비트, 세트, 끌세트, 드라이버세트, 임팩트드릴, 탭세트, 다이스세트",드릴비트세트,,,,True
(22)수평계,success,수평기,"수평기, 레이저수평기, 디지털수평기, 적외선온도계, 사다리, 클램프미터, 스냅링플라이어, 레이저거리측정기, 직각자, 워터펌프플라이어, 목공줄, 에어컴프레서, 대패, 세트, 석고대패",수평기,,,,False
(23)그라인더,success,앵글그라인더,"앵글그라인더, 샌더, 그립망치, 플라이어, 바이스그립플라이어, 드라이버, 플라이어렌치, 스크레퍼, 전기인두, 냉동라쳇렌치, 임팩트드라이버, 플라이어세트, 굽은노즈플라이어, 스냅링플라이어, 글루건",앵글그라인더,,,,False
"(24, 25)스패너(200mm)",success,스패너,"스패너, 스패너세트, 편구스패너, 대패, 스크레퍼, 와이어스트리퍼, 스프링배관청소기, 석고대패, 스냅링플라이어, 샌더, 버니어캘리퍼스, 멀티테스터, 육각렌치, 방진마스크, 바이스그립플라이어",스패너,,,,True
"(26, 27)스패너(300mm)",success,스패너,"스패너, 스패너세트, 편구스패너, 스크레퍼, 대패, 스프링배관청소기, 와이어스트리퍼, 스냅링플라이어, 석고대패, 버니어캘리퍼스, 멀티테스터, 샌더, 직소기, 육각렌치, 직각자",스패너,,,,True
(28)납볼망치,success,납볼망치,"납볼망치, 망치, 돌망치, 그립망치, 고무망치, 빠루망치, 볼렌치, 볼렌치세트, 볼트컷터, 렌치, 핀펀치, 별렌치세트, 옵셋렌치, 육각렌치, 펜치",납볼망치,,,,True
(29)전지가위(소형),success,전지가위,"전지가위, 고지가위, 다목적가위, 철판가위, 전정톱, 원형톱, 직소기, 전동압착기, 쇠지렛대, A형사다리, 소켓렌치세트, 충전드릴, 검전기, LED손전등, 충전해머드릴",전지가위,,,,True
(3)만능렌치,success,만능렌치,"만능렌치, 렌치, 옵셋렌치, 육각렌치, 라쳇렌치세트, 몽키렌치, 별렌치세트, 냉동라쳇렌치, 조합렌치세트, 토크렌치, 볼렌치, 플라이어렌치, 소켓렌치세트, 육각렌치세트, 볼렌치세트",만능렌치,,,,True
(30)펀칭기,success,핀펀치,"핀펀치, 센터펀치, 직소기, 수평기, 송풍기, 열풍기, 검전기, 전동압착기, LED투광기, 고속절단기, 라돈측정기, 스프링배관청소기, 레이저수평기, 전기인두, 고압세척기",핀펀치,,,,True
(31)손타카 소형,success,손타카,"손타카, 타카, 건타카, 전동타카, 에어타카, 타카핀, 원형톱, LED손전등, 핸드카트, 직소기, 소켓렌치세트, A형사다리, 카운터싱크, 타일컷터, 스프링배관청소기",손타카,,,,True
(32)장도리,success,장도리,"장도리, 도끼, 안전장갑, 사다리, 배터리팩, 적외선온도계, 쇠톱, 로터리해머드릴, A형사다리, 와이어스트리퍼, 가스토치, 실리콘건, 망치, 드라이버, 세트",장도리,,,,True
(33)실리콘건,success,실리콘건,"실리콘건, 글루건, 에어건, 콘크리트니퍼, 콘크리트용드릴비트, 콘크리트드릴비트세트, 건타카, 배터리팩, 사다리, 버니어캘리퍼스, 와이어스트리퍼, 세트, 절단석, 카운터싱크, 글루스틱",실리콘건,,,,True
(34)글루건(소형),success,글루건,"글루건, 글루스틱, 에어건, 실리콘건, 직소기, 원형톱, 앵글그라인더, A형사다리, 빠루망치, 소켓렌치세트, 건타카, 스프링배관청소기, 그립망치, 줄자, 고속절단기",글루건,,,,True
(35)정밀드라이버세트,success,정밀드라이버세트,"정밀드라이버세트, 드라이버세트, 드라이버, 임팩트드라이버, 전동드라이버, 양용드라이버, T핸드드라이버, 충전임팩트드라이버, 플라이어세트, 세트, 다이스세트, 드릴비트세트, 탭세트, 공구세트, 비트세트",정밀드라이버세트,,,,True
(36) 유선햄머전동드릴(콘크리트용),success,콘크리트용드릴비트,"콘크리트용드릴비트, 전동드릴, 콘크리트드릴비트세트, 콘크리트니퍼, 해머드릴, 충전해머드릴, 로터리해머드릴, 전동드라이버, 충전드릴, 전선릴, 임팩트드릴, 철공용드릴비트, 목공용드릴비트, 철공용드릴비트세트, 전동압착기",콘크리트용드릴비트,,,,True
(37)드릴날 세트(콘크리트용),success,콘크리트용드릴비트,"콘크리트용드릴비트, 콘크리트드릴비트세트, 콘크리트니퍼, 드릴비트세트, 철공용드릴비트세트, 철공용드릴비트, 목공용드릴비트, 세트, 드릴비트, 임팩트드릴, 전동드릴, 끌세트, SDS드릴비트, 드라이버세트, 충전드릴",콘크리트용드릴비트,,,,True
(39)마그네틱 줄자,success,줄자,"줄자, 목공줄, 글루스틱, 직각자, 연마석, 앵글그라인더, 그립망치, 방진마스크, 바이스그립플라이어, 자전거펌프, 전자산업용니퍼, 임팩트드릴, 목공톱, 사다리, 실리콘건",줄자,,수동,,False
(4)락킹 플라이어(바이스그립),success,바이스그립플라이어,"바이스그립플라이어, 플라이어, 스냅링플라이어, 플라이어세트, 롱노즈플라이어, 플라이어렌치, 굽은노즈플라이어, 다이아고날플라이어, 워터펌프플라이어, 그립망치, 와이어스트리퍼, 다이스세트, 앵글그라인더, 드라이버, 전동드라이버",바이스그립플라이어,,수동,,False
(40)철기리 세트,success,세트,"세트, 기어렌치세트, 철공용드릴비트세트, 공구세트, 탭세트, 비트세트, 끌세트, 콘크리트드릴비트세트, 스패너세트, 공구함세트, 별렌치세트, T렌치세트, 드릴비트세트, 다이스세트, 육각렌치세트",세트,,,,True
(41)조합렌치 세트,success,조합렌치세트,"조합렌치세트, 별렌치세트, 소켓렌치세트, 육각렌치세트, 라쳇렌치세트, 기어렌치세트, 볼렌치세트, T렌치세트, 렌치, 옵셋렌치, 육각렌치, 세트, 만능렌치, 몽키렌치, 냉동라쳇렌치",조합렌치세트,,,,False
(42)양용드라이버,success,양용드라이버,"양용드라이버, 드라이버, 전동드라이버, 드라이버세트, 임팩트드라이버, T핸드드라이버, 충전임팩트드라이버, 정밀드라이버세트, 철공용드릴비트, 목공용드릴비트, 플라이어, 콘크리트용드릴비트, 철공용드릴비트세트, 롱노즈플라이어, 다이아고날플라이어",양용드라이버,,,,False
(43)검전기,success,검전기,"검전기, 전기인두, 전동압착기, 직소기, 전정톱, 열풍기, 전지가위, 수평기, 고속절단기, 송풍기, LED투광기, 라돈측정기, 레이저수평기, 고압세척기, 레이저거리측정기",검전기,,,,False
(44)육각렌치세트,success,육각렌치세트,"육각렌치세트, 육각렌치, 별렌치세트, 소켓렌치세트, 조합렌치세트, 라쳇렌치세트, T렌치세트, 볼렌치세트, 기어렌치세트, 렌치, 옵셋렌치, 만능렌치, 몽키렌치, 세트, 토크렌치",육각렌치세트,,,,True
(45)에어펌프(자전거 공기주입기),success,자전거펌프,"자전거펌프, 에어펌프, 에어컴프레서, 워터펌프플라이어, 에어건, 에어타카, 열풍기, 송풍기, 검전기, 전동압착기, 전기인두, 레이저거리측정기, 수평기, 스프링배관청소기, 고압세척기",자전거펌프,,,,True
(46)플라이어,success,플라이어,"플라이어, 플라이어세트, 플라이어렌치, 스냅링플라이어, 롱노즈플라이어, 굽은노즈플라이어, 워터펌프플라이어, 다이아고날플라이어, 바이스그립플라이어, 드라이버, 와이어스트리퍼, 전동드라이버, 양용드라이버, 임팩트드라이버, 드라이버세트",플라이어,,,,True
(47)쇠톱,success,쇠톱,"쇠톱, 쇠지렛대, 접톱, 톱, 테이블톱, 전정톱, 원형톱, 목공톱, 왕복톱(레시프로쏘), 목공용접톱, 사다리, 도끼, 안전로프, 철판가위, 안전장갑",쇠톱,,,,False
