model,input_name,predicted,ground_truth,rag_top1,gt_in_candidates,gt_rank_in_candidates,fallback_used,input_dirty_types,system_failure_type,error_detail_type
deepseek-r1:1.5b,경랑몽키(8인치),고무망치,몽키렌치,몽키렌치,True,1,False,규격_속성_혼입 | 오탈자_의심,LLM_후보내_오선택,완전_다른_공구_선택
deepseek-r1:1.5b,보쉬 pushdrive,보안경,전동드라이버,보안경,False,-1,True,브랜드명_혼입,RAG_후보_누락,RAG_검색_실패
deepseek-r1:1.5b,"전동드릴(무선, 보쉬)",전동드릴,충전드릴,전동드릴,True,3,True,브랜드명_혼입 | 동력원_명시,LLM_유사공구_오선택,동력원_분류_오류
deepseek-r1:1.5b,(13)망치,고무망치,망치,망치,True,1,False,단순명사형,LLM_후보내_오선택,완전_다른_공구_선택
deepseek-r1:1.5b,(36) 유선햄머전동드릴(콘크리트용),콘크리트용드릴비트,해머드릴,콘크리트용드릴비트,True,5,True,동력원_명시,LLM_후보내_오선택,본체_부속품_혼동
deepseek-r1:1.5b,(37)드릴날 세트(콘크리트용),콘크리트용드릴비트,콘크리트드릴비트세트,콘크리트용드릴비트,True,2,True,세트_복합,LLM_후보내_오선택,세트_단품_혼동
deepseek-r1:1.5b,(40)철기리 세트,세트,철공용드릴비트세트,세트,True,3,False,세트_복합 | 일본어_잔재,LLM_후보내_오선택,본체_부속품_혼동
deepseek-r1:1.5b,(54)미니충전전동드릴,전동드릴,충전드릴,전동드릴,True,2,True,동력원_명시,LLM_유사공구_오선택,동력원_분류_오류
deepseek-r1:1.5b,.몽키스패너200mm,스패너,몽키렌치,스패너,True,3,True,규격_속성_혼입 | 모델번호_포함,LLM_후보내_오선택,완전_다른_공구_선택
deepseek-r1:1.5b,.몽키스패너300mm,스패너,몽키렌치,스패너,True,3,True,규격_속성_혼입 | 모델번호_포함,LLM_후보내_오선택,완전_다른_공구_선택
deepseek-r1:1.5b,12P 3종 기리세트(육각씽크),공구함세트,드릴비트세트,육각렌치세트,True,10,False,세트_복합 | 일본어_잔재 | 모델번호_포함,LLM_후보내_오선택,본체_부속품_혼동
deepseek-r1:1.5b,12인치 몽키스패너,스패너,몽키렌치,스패너,True,2,True,규격_속성_혼입,LLM_후보내_오선택,완전_다른_공구_선택
deepseek-r1:1.5b,13RE,LED투광기,해머드릴,LED투광기,False,-1,True,모델번호_포함,RAG_후보_누락,RAG_검색_실패
deepseek-r1:1.5b,18V 밧데리(디월트),PVC컷터,배터리팩,PVC컷터,True,5,True,브랜드명_혼입 | 규격_속성_혼입 | 모델번호_포함,LLM_후보내_오선택,본체_부속품_혼동
deepseek-r1:1.5b,2단사다리,A형사다리,사다리,사다리,True,1,False,단순명사형,LLM_후보내_오선택,완전_다른_공구_선택
deepseek-r1:1.5b,300mm첼라,플라이어,워터펌프플라이어,플라이어,False,-1,True,모델번호_포함,RAG_후보_누락,RAG_검색_실패
deepseek-r1:1.5b,4구 코드릴,충전드릴,전선릴,충전드릴,True,14,True,단순명사형,LLM_후보내_오선택,완전_다른_공구_선택
deepseek-r1:1.5b,BOSCH GSB18V-21,SDS드릴비트,충전해머드릴,SDS드릴비트,False,-1,True,브랜드명_혼입 | 규격_속성_혼입 | 모델번호_포함,RAG_후보_누락,RAG_검색_실패
deepseek-r1:1.5b,L렌지세트,T렌치세트,육각렌치세트,T렌치세트,True,5,True,세트_복합,LLM_후보내_오선택,완전_다른_공구_선택
deepseek-r1:1.5b,L렌지셋트,옵셋렌치,육각렌치세트,옵셋렌치,True,6,True,세트_복합,LLM_후보내_오선택,세트_단품_혼동
deepseek-r1:1.5b,L렌치 세트,T렌치세트,육각렌치세트,T렌치세트,True,5,True,세트_복합,LLM_후보내_오선택,완전_다른_공구_선택
deepseek-r1:1.5b,L렌치세트,T렌치세트,육각렌치세트,T렌치세트,True,7,True,세트_복합,LLM_후보내_오선택,완전_다른_공구_선택
deepseek-r1:1.5b,L렌치세트(9pcs),T렌치세트,육각렌치세트,T렌치세트,True,7,True,규격_속성_혼입 | 세트_복합,LLM_후보내_오선택,완전_다른_공구_선택
deepseek-r1:1.5b,L형 렌치세트,별렌치세트,육각렌치세트,별렌치세트,True,5,True,세트_복합,LLM_후보내_오선택,완전_다른_공구_선택
deepseek-r1:1.5b,L형 렌치세트,별렌치세트,육각렌치세트,별렌치세트,True,5,True,세트_복합,LLM_후보내_오선택,완전_다른_공구_선택
deepseek-r1:1.5b,L형 렌치센트,렌치,육각렌치세트,렌치,True,6,True,단순명사형,LLM_후보내_오선택,세트_단품_혼동
deepseek-r1:1.5b,PIPE렌치,렌치,파이프렌치,렌치,True,2,True,단순명사형,LLM_유사공구_오선택,동일계열_공구_혼동
deepseek-r1:1.5b,bosch2(무선전동드릴),전동드릴,충전드릴,전동드릴,True,2,True,브랜드명_혼입 | 동력원_명시,LLM_유사공구_오선택,동력원_분류_오류
deepseek-r1:1.5b,bosch3(무선전동드릴),전동드릴,충전드릴,전동드릴,True,2,True,브랜드명_혼입 | 동력원_명시,LLM_유사공구_오선택,동력원_분류_오류
deepseek-r1:1.5b,pvc파이프커터,커터,PVC컷터,커터,True,4,True,단순명사형,LLM_후보내_오선택,완전_다른_공구_선택
deepseek-r1:1.5b,usb 충전식 드라이버,충전임팩트드라이버,전동드라이버,충전임팩트드라이버,True,3,True,동력원_명시,LLM_유사공구_오선택,동력원_분류_오류
deepseek-r1:1.5b,가정용 미니드릴 Set,SDS드릴비트,충전드릴,SDS드릴비트,True,6,True,세트_복합,LLM_후보내_오선택,본체_부속품_혼동
deepseek-r1:1.5b,가정용공구세트(18pcs),공구함,공구세트,공구세트,True,1,False,규격_속성_혼입 | 세트_복합 | 모델번호_포함,LLM_유사공구_오선택,동일계열_공구_혼동
deepseek-r1:1.5b,갓다,고지가위,커터,사다리,False,-1,False,단순명사형,RAG_후보_누락,RAG_검색_실패
deepseek-r1:1.5b,강력절단기,고속절단기,볼트컷터,고속절단기,True,15,True,단순명사형,LLM_후보내_오선택,완전_다른_공구_선택
deepseek-r1:1.5b,강력절단기(45cm),고속절단기,볼트컷터,고속절단기,False,-1,True,규격_속성_혼입 | 모델번호_포함,RAG_후보_누락,RAG_검색_실패
deepseek-r1:1.5b,검전드라이버,드라이버,검전기,드라이버,True,3,True,단순명사형,LLM_후보내_오선택,완전_다른_공구_선택
deepseek-r1:1.5b,경량몽키,고무망치,몽키렌치,몽키렌치,True,1,False,단순명사형,LLM_후보내_오선택,완전_다른_공구_선택
deepseek-r1:1.5b,고글,글루건,보안경,글루건,False,-1,True,단순명사형,RAG_후보_누락,RAG_검색_실패
deepseek-r1:1.5b,공구함키트박스(디월트),목공톱,공구함,공구함,True,1,False,브랜드명_혼입 | 세트_복합,LLM_후보내_오선택,완전_다른_공구_선택
deepseek-r1:1.5b,글루건&글루스틱,글루스틱,글루건,글루스틱,True,2,True,세트_복합,LLM_후보내_오선택,완전_다른_공구_선택
deepseek-r1:1.5b,기리세트,세트,드릴비트세트,세트,True,9,True,세트_복합 | 일본어_잔재,LLM_후보내_오선택,본체_부속품_혼동
deepseek-r1:1.5b,기리세트(10p),공구함세트,드릴비트세트,세트,True,8,False,세트_복합 | 일본어_잔재 | 모델번호_포함,LLM_후보내_오선택,본체_부속품_혼동
deepseek-r1:1.5b,기리셋트,옵셋렌치,드릴비트세트,옵셋렌치,False,-1,True,세트_복합 | 일본어_잔재,RAG_후보_누락,RAG_검색_실패
deepseek-r1:1.5b,나리온 무선 충전 그라인더,nan,앵글그라인더,앵글그라인더,True,1,,동력원_명시,LLM_비후보_출력,완전_다른_공구_선택
deepseek-r1:1.5b,나무톱,톱,목공톱,톱,True,3,True,단순명사형,LLM_후보내_오선택,완전_다른_공구_선택
deepseek-r1:1.5b,노기스,롱노즈플라이어,버니어캘리퍼스,롱노즈플라이어,False,-1,True,일본어_잔재,RAG_후보_누락,RAG_검색_실패
deepseek-r1:1.5b,드릴(무선),전동드릴,충전드릴,전동드릴,True,2,True,동력원_명시,LLM_유사공구_오선택,동력원_분류_오류
deepseek-r1:1.5b,디월트 DCD709L2,LED작업등,충전드릴,LED작업등,False,-1,True,브랜드명_혼입 | 모델번호_포함,RAG_후보_누락,RAG_검색_실패
deepseek-r1:1.5b,디월트 타카,타카,건타카,타카,True,4,True,브랜드명_혼입,LLM_후보내_오선택,완전_다른_공구_선택
deepseek-r1:1.5b,락킹 플라이어,플라이어,바이스그립플라이어,플라이어,True,8,True,단순명사형,LLM_유사공구_오선택,동일계열_공구_혼동
deepseek-r1:1.5b,랜턴,렌치,LED손전등,렌치,False,-1,True,단순명사형,RAG_후보_누락,RAG_검색_실패
deepseek-r1:1.5b,롱노즈,장도리,롱노즈플라이어,롱노즈플라이어,True,1,False,단순명사형,LLM_후보내_오선택,완전_다른_공구_선택
deepseek-r1:1.5b,롱로즈,장도리,롱노즈플라이어,롱노즈플라이어,True,1,False,단순명사형,LLM_후보내_오선택,완전_다른_공구_선택
deepseek-r1:1.5b,망치,고무망치,망치,망치,True,1,False,단순명사형,LLM_후보내_오선택,완전_다른_공구_선택
deepseek-r1:1.5b,망치/함마/장도리,고무망치,망치,장도리,True,2,False,세트_복합 | 일본어_잔재,LLM_후보내_오선택,완전_다른_공구_선택
deepseek-r1:1.5b,매직렌치,렌치,만능렌치,렌치,True,2,True,단순명사형,LLM_후보내_오선택,완전_다른_공구_선택
deepseek-r1:1.5b,몽키스패너,스패너,몽키렌치,스패너,True,3,True,단순명사형,LLM_후보내_오선택,완전_다른_공구_선택
deepseek-r1:1.5b,몽키스패너(250mm 세신),스패너,몽키렌치,스패너,True,4,True,브랜드명_혼입 | 규격_속성_혼입 | 모델번호_포함,LLM_후보내_오선택,완전_다른_공구_선택
deepseek-r1:1.5b,무선드릴,전동드릴,충전드릴,전동드릴,True,2,True,동력원_명시,LLM_유사공구_오선택,동력원_분류_오류
deepseek-r1:1.5b,무선전동드릴,전동드릴,충전드릴,전동드릴,True,2,True,동력원_명시,LLM_유사공구_오선택,동력원_분류_오류
deepseek-r1:1.5b,밀워키 M12 BID,몽키렌치,충전임팩트드라이버,몽키렌치,False,-1,True,브랜드명_혼입,RAG_후보_누락,RAG_검색_실패
deepseek-r1:1.5b,밀워키 래치 렌치세트,별렌치세트,라쳇렌치세트,별렌치세트,True,2,True,브랜드명_혼입 | 세트_복합,LLM_후보내_오선택,완전_다른_공구_선택
deepseek-r1:1.5b,보쉬 13RE,보안경,해머드릴,보안경,False,-1,True,브랜드명_혼입 | 모델번호_포함,RAG_후보_누락,RAG_검색_실패
deepseek-r1:1.5b,보쉬멀티기리세트,멀티테스터,드릴비트세트,멀티테스터,False,-1,True,브랜드명_혼입 | 세트_복합 | 일본어_잔재,RAG_후보_누락,RAG_검색_실패
deepseek-r1:1.5b,복스세트,다이스세트,소켓렌치세트,다이스세트,False,-1,True,세트_복합,RAG_후보_누락,RAG_검색_실패
deepseek-r1:1.5b,빠루,빠루망치,쇠지렛대,빠루망치,False,-1,True,일본어_잔재,RAG_후보_누락,RAG_검색_실패
deepseek-r1:1.5b,뺀찌,핀펀치,펜치,핀펀치,True,15,True,단순명사형,LLM_후보내_오선택,완전_다른_공구_선택
deepseek-r1:1.5b,뺀치,고무망치,펜치,망치,True,2,False,일본어_잔재,LLM_후보내_오선택,완전_다른_공구_선택
deepseek-r1:1.5b,세신 가정용 공구 세트,공구함세트,공구세트,공구세트,True,1,False,브랜드명_혼입 | 세트_복합,LLM_유사공구_오선택,동일계열_공구_혼동
deepseek-r1:1.5b,세신 몽키 스패너 10,스패너,몽키렌치,스패너,True,4,True,브랜드명_혼입,LLM_후보내_오선택,완전_다른_공구_선택
deepseek-r1:1.5b,세신 몽키 스패너 12,스패너,몽키렌치,스패너,True,4,True,브랜드명_혼입,LLM_후보내_오선택,완전_다른_공구_선택
deepseek-r1:1.5b,세신 몽키 스패너 8,스패너,몽키렌치,스패너,True,4,True,브랜드명_혼입,LLM_후보내_오선택,완전_다른_공구_선택
deepseek-r1:1.5b,세신공구세트,공구함,공구세트,공구세트,True,1,False,브랜드명_혼입 | 세트_복합,LLM_유사공구_오선택,동일계열_공구_혼동
deepseek-r1:1.5b,아임삭 콤보드릴,임팩트드릴,충전드릴,임팩트드릴,True,4,True,브랜드명_혼입,LLM_유사공구_오선택,동력원_분류_오류
deepseek-r1:1.5b,전기헤머드릴,전기인두,해머드릴,해머드릴,True,1,False,동력원_명시,LLM_후보내_오선택,완전_다른_공구_선택
deepseek-r1:1.5b,전동 무선드릴,전동드릴,충전드릴,전동드릴,True,3,True,동력원_명시,LLM_유사공구_오선택,동력원_분류_오류
deepseek-r1:1.5b,전동드릴(무선),전동드릴,충전드릴,전동드릴,True,4,True,동력원_명시,LLM_유사공구_오선택,동력원_분류_오류
deepseek-r1:1.5b,전동드릴(보쉬 GSR14.4-2),전동드릴,충전드릴,전동드릴,True,3,True,브랜드명_혼입 | 규격_속성_혼입 | 모델번호_포함,LLM_유사공구_오선택,동력원_분류_오류
deepseek-r1:1.5b,전동드릴(충전식),전동드릴,충전드릴,전동드릴,True,2,True,동력원_명시,LLM_유사공구_오선택,동력원_분류_오류
deepseek-r1:1.5b,전동일자톱,전동타카,왕복톱(레시프로쏘),전동타카,False,-1,True,동력원_명시,RAG_후보_누락,RAG_검색_실패
deepseek-r1:1.5b,전동일자톱,전동타카,왕복톱(레시프로쏘),전동타카,False,-1,True,동력원_명시,RAG_후보_누락,RAG_검색_실패
deepseek-r1:1.5b,조경가위,철판가위,전지가위,철판가위,True,4,True,단순명사형,LLM_후보내_오선택,완전_다른_공구_선택
deepseek-r1:1.5b,집톱,톱,접톱,톱,True,2,True,단순명사형,LLM_후보내_오선택,완전_다른_공구_선택
deepseek-r1:1.5b,철기리,철판가위,철공용드릴비트,철판가위,True,3,True,일본어_잔재,LLM_후보내_오선택,본체_부속품_혼동
deepseek-r1:1.5b,첼라,드라이버,워터펌프플라이어,드라이버,False,-1,True,단순명사형,RAG_후보_누락,RAG_검색_실패
deepseek-r1:1.5b,첼라,드라이버,워터펌프플라이어,드라이버,False,-1,True,단순명사형,RAG_후보_누락,RAG_검색_실패
deepseek-r1:1.5b,첼라,드라이버,워터펌프플라이어,드라이버,False,-1,True,단순명사형,RAG_후보_누락,RAG_검색_실패
deepseek-r1:1.5b,첼라 300,플라이어,워터펌프플라이어,플라이어,False,-1,True,단순명사형,RAG_후보_누락,RAG_검색_실패
deepseek-r1:1.5b,충전드라이버,충전임팩트드라이버,전동드라이버,충전임팩트드라이버,True,4,True,동력원_명시,LLM_유사공구_오선택,동력원_분류_오류
deepseek-r1:1.5b,충전송풍기,nan,송풍기,송풍기,True,1,,동력원_명시,LLM_비후보_출력,완전_다른_공구_선택
deepseek-r1:1.5b,충전함마드릴(디월트),충전드릴,충전해머드릴,충전드릴,True,2,True,브랜드명_혼입 | 동력원_명시 | 일본어_잔재,LLM_유사공구_오선택,드릴_드라이버_계열_혼동
deepseek-r1:1.5b,타지마 줄자 7.5m,고지가위,줄자,줄자,True,1,False,브랜드명_혼입 | 규격_속성_혼입,LLM_후보내_오선택,완전_다른_공구_선택
deepseek-r1:1.5b,타지마줄자,고지가위,줄자,줄자,True,1,False,브랜드명_혼입,LLM_후보내_오선택,완전_다른_공구_선택
deepseek-r1:1.5b,타지마줄자(3m),고지가위,줄자,줄자,True,1,False,브랜드명_혼입 | 규격_속성_혼입,LLM_후보내_오선택,완전_다른_공구_선택
deepseek-r1:1.5b,함마,연마석,망치,연마석,False,-1,True,일본어_잔재,RAG_후보_누락,RAG_검색_실패
deepseek-r1:1.5b,함석가위,고지가위,철판가위,철판가위,True,1,False,단순명사형,LLM_후보내_오선택,완전_다른_공구_선택
deepseek-r1:1.5b,헤라 3인치,앵글그라인더,스크레퍼,앵글그라인더,False,-1,True,규격_속성_혼입,RAG_후보_누락,RAG_검색_실패
deepseek-r1:1.5b,헤라 5인치,앵글그라인더,스크레퍼,앵글그라인더,False,-1,True,규격_속성_혼입,RAG_후보_누락,RAG_검색_실패
deepseek-r1:8b,바이스플라이어,플라이어,바이스그립플라이어,바이스그립플라이어,True,1,False,일본어_잔재 | 오탈자_의심,LLM_유사공구_오선택,동일계열_공구_혼동
deepseek-r1:8b,보쉬 pushdrive,충전임팩트드라이버,전동드라이버,보안경,False,-1,False,브랜드명_혼입,RAG_후보_누락,RAG_검색_실패
deepseek-r1:8b,"전동드릴(무선, 보쉬)",전동드릴,충전드릴,전동드릴,True,3,False,브랜드명_혼입 | 동력원_명시,LLM_유사공구_오선택,동력원_분류_오류
deepseek-r1:8b,(40)철기리 세트,기어렌치세트,철공용드릴비트세트,세트,True,3,False,세트_복합 | 일본어_잔재,LLM_후보내_오선택,본체_부속품_혼동
deepseek-r1:8b,(45)에어펌프(자전거 공기주입기),에어펌프,자전거펌프,자전거펌프,True,1,False,동력원_명시,LLM_후보내_오선택,완전_다른_공구_선택
deepseek-r1:8b,(56)바이스플라이어(5인치),스냅링플라이어,바이스그립플라이어,바이스그립플라이어,True,1,False,규격_속성_혼입 | 일본어_잔재 | 오탈자_의심,LLM_유사공구_오선택,동일계열_공구_혼동
deepseek-r1:8b,.몽키스패너200mm,스패너,몽키렌치,스패너,True,3,False,규격_속성_혼입 | 모델번호_포함,LLM_후보내_오선택,완전_다른_공구_선택
deepseek-r1:8b,.몽키스패너300mm,스패너,몽키렌치,스패너,True,3,False,규격_속성_혼입 | 모델번호_포함,LLM_후보내_오선택,완전_다른_공구_선택
deepseek-r1:8b,12P 3종 기리세트(육각씽크),기어렌치세트,드릴비트세트,육각렌치세트,True,10,False,세트_복합 | 일본어_잔재 | 모델번호_포함,LLM_후보내_오선택,본체_부속품_혼동
deepseek-r1:8b,13RE,세트,해머드릴,LED투광기,False,-1,False,모델번호_포함,RAG_후보_누락,RAG_검색_실패
deepseek-r1:8b,300mm첼라,앵글그라인더,워터펌프플라이어,플라이어,False,-1,False,모델번호_포함,RAG_후보_누락,RAG_검색_실패
deepseek-r1:8b,3단 사다리(접이식),A형사다리,사다리,사다리,True,1,False,단순명사형,LLM_후보내_오선택,완전_다른_공구_선택
deepseek-r1:8b,A형 4단 사다리,사다리,A형사다리,A형사다리,True,1,False,단순명사형,LLM_후보내_오선택,완전_다른_공구_선택
deepseek-r1:8b,A형 사다리,사다리,A형사다리,A형사다리,True,1,False,단순명사형,LLM_후보내_오선택,완전_다른_공구_선택
deepseek-r1:8b,BOSCH GSB18V-21,LED손전등,충전해머드릴,SDS드릴비트,False,-1,False,브랜드명_혼입 | 규격_속성_혼입 | 모델번호_포함,RAG_후보_누락,RAG_검색_실패
deepseek-r1:8b,BOSCH Professional 전동드라이브,전동드릴,전동드라이버,전동드라이버,True,1,False,브랜드명_혼입,LLM_후보내_오선택,완전_다른_공구_선택
deepseek-r1:8b,LED 랜턴,LED작업등,LED손전등,LED손전등,True,1,False,단순명사형,LLM_후보내_오선택,완전_다른_공구_선택
deepseek-r1:8b,LED 작업등,LED손전등,LED작업등,LED작업등,True,1,False,단순명사형,LLM_후보내_오선택,완전_다른_공구_선택
deepseek-r1:8b,LED랜턴,LED투광기,LED손전등,LED손전등,True,1,False,단순명사형,LLM_후보내_오선택,완전_다른_공구_선택
deepseek-r1:8b,LED후레쉬,LED투광기,LED손전등,LED손전등,True,1,False,단순명사형,LLM_후보내_오선택,완전_다른_공구_선택
deepseek-r1:8b,L렌지세트,조합렌치세트,육각렌치세트,T렌치세트,True,5,False,세트_복합,LLM_후보내_오선택,완전_다른_공구_선택
deepseek-r1:8b,L렌지셋트,조합렌치세트,육각렌치세트,옵셋렌치,True,6,False,세트_복합,LLM_후보내_오선택,완전_다른_공구_선택
deepseek-r1:8b,L렌치 세트,조합렌치세트,육각렌치세트,T렌치세트,True,5,False,세트_복합,LLM_후보내_오선택,완전_다른_공구_선택
deepseek-r1:8b,L렌치세트,조합렌치세트,육각렌치세트,T렌치세트,True,7,False,세트_복합,LLM_후보내_오선택,완전_다른_공구_선택
deepseek-r1:8b,L렌치세트(9pcs),조합렌치세트,육각렌치세트,T렌치세트,True,7,False,규격_속성_혼입 | 세트_복합,LLM_후보내_오선택,완전_다른_공구_선택
deepseek-r1:8b,L형 렌치세트,T렌치세트,육각렌치세트,별렌치세트,True,5,False,세트_복합,LLM_후보내_오선택,완전_다른_공구_선택
deepseek-r1:8b,L형 렌치세트,T렌치세트,육각렌치세트,별렌치세트,True,5,False,세트_복합,LLM_후보내_오선택,완전_다른_공구_선택
deepseek-r1:8b,L형 렌치센트,T렌치세트,육각렌치세트,렌치,True,6,False,단순명사형,LLM_후보내_오선택,완전_다른_공구_선택
deepseek-r1:8b,PIPE렌치,볼렌치,파이프렌치,렌치,True,2,False,단순명사형,LLM_후보내_오선택,완전_다른_공구_선택
deepseek-r1:8b,SDS 기리,기어렌치세트,SDS드릴비트,SDS드릴비트,True,1,False,일본어_잔재,LLM_후보내_오선택,세트_단품_혼동
deepseek-r1:8b,bosch2(무선전동드릴),전동드릴,충전드릴,전동드릴,True,2,False,브랜드명_혼입 | 동력원_명시,LLM_유사공구_오선택,동력원_분류_오류
deepseek-r1:8b,bosch3(무선전동드릴),전동드릴,충전드릴,전동드릴,True,2,False,브랜드명_혼입 | 동력원_명시,LLM_유사공구_오선택,동력원_분류_오류
deepseek-r1:8b,갓다,가스토치,커터,사다리,False,-1,False,단순명사형,RAG_후보_누락,RAG_검색_실패
deepseek-r1:8b,강력절단기,고속절단기,볼트컷터,고속절단기,True,15,False,단순명사형,LLM_후보내_오선택,완전_다른_공구_선택
deepseek-r1:8b,강력절단기(45cm),고속절단기,볼트컷터,고속절단기,False,-1,False,규격_속성_혼입 | 모델번호_포함,RAG_후보_누락,RAG_검색_실패
deepseek-r1:8b,검전드라이버,전동드라이버,검전기,드라이버,True,3,False,단순명사형,LLM_후보내_오선택,완전_다른_공구_선택
deepseek-r1:8b,고글,고무망치,보안경,글루건,False,-1,False,단순명사형,RAG_후보_누락,RAG_검색_실패
deepseek-r1:8b,공구함키트박스(디월트),공구함세트,공구함,공구함,True,1,False,브랜드명_혼입 | 세트_복합,LLM_유사공구_오선택,동일계열_공구_혼동
deepseek-r1:8b,기리세트,기어렌치세트,드릴비트세트,세트,True,9,False,세트_복합 | 일본어_잔재,LLM_후보내_오선택,본체_부속품_혼동
deepseek-r1:8b,기리세트(10p),기어렌치세트,드릴비트세트,세트,True,8,False,세트_복합 | 일본어_잔재 | 모델번호_포함,LLM_후보내_오선택,본체_부속품_혼동
deepseek-r1:8b,기리셋트,기어렌치세트,드릴비트세트,옵셋렌치,False,-1,False,세트_복합 | 일본어_잔재,RAG_후보_누락,RAG_검색_실패
deepseek-r1:8b,노기스,스패너,버니어캘리퍼스,롱노즈플라이어,False,-1,False,일본어_잔재,RAG_후보_누락,RAG_검색_실패
deepseek-r1:8b,다이아타입 플라이어,스냅링플라이어,다이아고날플라이어,다이아고날플라이어,True,1,False,단순명사형,LLM_유사공구_오선택,동일계열_공구_혼동
deepseek-r1:8b,디월트 DCD709L2,드릴비트,충전드릴,LED작업등,False,-1,False,브랜드명_혼입 | 모델번호_포함,RAG_후보_누락,RAG_검색_실패
deepseek-r1:8b,디월트 타카,전동타카,건타카,타카,True,4,False,브랜드명_혼입,LLM_후보내_오선택,완전_다른_공구_선택
deepseek-r1:8b,락킹 플라이어,플라이어,바이스그립플라이어,플라이어,True,8,False,단순명사형,LLM_유사공구_오선택,동일계열_공구_혼동
deepseek-r1:8b,랜턴,렌치,LED손전등,렌치,False,-1,False,단순명사형,RAG_후보_누락,RAG_검색_실패
deepseek-r1:8b,매직렌치,볼렌치,만능렌치,렌치,True,2,False,단순명사형,LLM_후보내_오선택,완전_다른_공구_선택
deepseek-r1:8b,목공용 접톱,접톱,목공용접톱,목공용접톱,True,1,False,단순명사형,LLM_후보내_오선택,완전_다른_공구_선택
deepseek-r1:8b,몽키 12인치,볼렌치,몽키렌치,몽키렌치,True,1,False,규격_속성_혼입,LLM_후보내_오선택,완전_다른_공구_선택
deepseek-r1:8b,몽키 8인치,볼렌치,몽키렌치,몽키렌치,True,1,False,규격_속성_혼입,LLM_후보내_오선택,완전_다른_공구_선택
deepseek-r1:8b,무선드릴,전동드릴,충전드릴,전동드릴,True,2,False,동력원_명시,LLM_유사공구_오선택,동력원_분류_오류
deepseek-r1:8b,밀워키 M12 BID,드릴비트,충전임팩트드라이버,몽키렌치,False,-1,False,브랜드명_혼입,RAG_후보_누락,RAG_검색_실패
deepseek-r1:8b,밀워키 래치 렌치세트,조합렌치세트,라쳇렌치세트,별렌치세트,True,2,False,브랜드명_혼입 | 세트_복합,LLM_후보내_오선택,완전_다른_공구_선택
deepseek-r1:8b,바이스플라이어,플라이어,바이스그립플라이어,바이스그립플라이어,True,1,False,일본어_잔재 | 오탈자_의심,LLM_유사공구_오선택,동일계열_공구_혼동
deepseek-r1:8b,바이스플라이어,플라이어,바이스그립플라이어,바이스그립플라이어,True,1,False,일본어_잔재 | 오탈자_의심,LLM_유사공구_오선택,동일계열_공구_혼동
deepseek-r1:8b,바이스플라이어(10인치),플라이어,바이스그립플라이어,바이스그립플라이어,True,1,False,규격_속성_혼입 | 일본어_잔재 | 오탈자_의심,LLM_유사공구_오선택,동일계열_공구_혼동
deepseek-r1:8b,별렌치세트,볼렌치세트,별렌치세트,별렌치세트,True,1,False,세트_복합,LLM_후보내_오선택,완전_다른_공구_선택
deepseek-r1:8b,보쉬 13RE,볼렌치세트,해머드릴,보안경,False,-1,False,브랜드명_혼입 | 모델번호_포함,RAG_후보_누락,RAG_검색_실패
deepseek-r1:8b,보쉬멀티기리세트,공구세트,드릴비트세트,멀티테스터,False,-1,False,브랜드명_혼입 | 세트_복합 | 일본어_잔재,RAG_후보_누락,RAG_검색_실패
deepseek-r1:8b,복스세트,공구세트,소켓렌치세트,다이스세트,False,-1,False,세트_복합,RAG_후보_누락,RAG_검색_실패
deepseek-r1:8b,볼트카타,볼렌치세트,볼트컷터,볼트컷터,True,1,False,단순명사형,LLM_후보내_오선택,세트_단품_혼동
deepseek-r1:8b,빠루,빠루망치,쇠지렛대,빠루망치,False,-1,False,일본어_잔재,RAG_후보_누락,RAG_검색_실패
deepseek-r1:8b,빠루망치,망치,빠루망치,빠루망치,True,1,False,일본어_잔재,LLM_후보내_오선택,완전_다른_공구_선택
deepseek-r1:8b,빠루망치,망치,빠루망치,빠루망치,True,1,False,일본어_잔재,LLM_후보내_오선택,완전_다른_공구_선택
deepseek-r1:8b,뺀찌,렌치,펜치,핀펀치,True,15,False,단순명사형,LLM_후보내_오선택,완전_다른_공구_선택
deepseek-r1:8b,세신 몽키 스패너 10,스패너,몽키렌치,스패너,True,4,False,브랜드명_혼입,LLM_후보내_오선택,완전_다른_공구_선택
deepseek-r1:8b,세신몽키,볼렌치세트,몽키렌치,몽키렌치,True,1,False,브랜드명_혼입,LLM_후보내_오선택,세트_단품_혼동
deepseek-r1:8b,세신몽키,볼렌치세트,몽키렌치,몽키렌치,True,1,False,브랜드명_혼입,LLM_후보내_오선택,세트_단품_혼동
deepseek-r1:8b,쇠톱대,쇠지렛대,쇠톱,쇠톱,True,1,False,단순명사형,LLM_후보내_오선택,완전_다른_공구_선택
deepseek-r1:8b,수평대(디월트),레이저수평기,수평기,수평기,True,1,False,브랜드명_혼입,LLM_유사공구_오선택,동일계열_공구_혼동
deepseek-r1:8b,암파이프렌치 18인치,볼렌치,파이프렌치,파이프렌치,True,1,False,규격_속성_혼입,LLM_후보내_오선택,완전_다른_공구_선택
deepseek-r1:8b,열화상카메라,열풍기,열화상카메라,열화상카메라,True,1,False,단순명사형,LLM_후보내_오선택,완전_다른_공구_선택
deepseek-r1:8b,전동 무선드릴,전동드릴,충전드릴,전동드릴,True,3,False,동력원_명시,LLM_유사공구_오선택,동력원_분류_오류
deepseek-r1:8b,전동드릴(무선),전동드릴,충전드릴,전동드릴,True,4,False,동력원_명시,LLM_유사공구_오선택,동력원_분류_오류
deepseek-r1:8b,전동드릴(보쉬 GSR14.4-2),전동드릴,충전드릴,전동드릴,True,3,False,브랜드명_혼입 | 규격_속성_혼입 | 모델번호_포함,LLM_유사공구_오선택,동력원_분류_오류
deepseek-r1:8b,전동일자톱,접톱,왕복톱(레시프로쏘),전동타카,False,-1,False,동력원_명시,RAG_후보_누락,RAG_검색_실패
deepseek-r1:8b,전동일자톱,접톱,왕복톱(레시프로쏘),전동타카,False,-1,False,동력원_명시,RAG_후보_누락,RAG_검색_실패
deepseek-r1:8b,전동충전드릴,전동드릴,충전드릴,충전드릴,True,1,False,동력원_명시,LLM_유사공구_오선택,동력원_분류_오류
deepseek-r1:8b,접이식 카트,손타카,핸드카트,핸드카트,True,1,False,단순명사형,LLM_후보내_오선택,완전_다른_공구_선택
deepseek-r1:8b,접이식 카트,손타카,핸드카트,핸드카트,True,1,False,단순명사형,LLM_후보내_오선택,완전_다른_공구_선택
deepseek-r1:8b,조경가위,고지가위,전지가위,철판가위,True,4,False,단순명사형,LLM_후보내_오선택,완전_다른_공구_선택
deepseek-r1:8b,직소,직각자,직소기,직소기,True,1,False,단순명사형,LLM_후보내_오선택,완전_다른_공구_선택
deepseek-r1:8b,철기리,직소기,철공용드릴비트,철판가위,True,3,False,일본어_잔재,LLM_후보내_오선택,본체_부속품_혼동
deepseek-r1:8b,철판드릴비트,콘크리트드릴비트세트,철공용드릴비트,철공용드릴비트,True,1,False,단순명사형,LLM_후보내_오선택,세트_단품_혼동
deepseek-r1:8b,첼라,드라이버,워터펌프플라이어,드라이버,False,-1,False,단순명사형,RAG_후보_누락,RAG_검색_실패
deepseek-r1:8b,첼라,드라이버,워터펌프플라이어,드라이버,False,-1,False,단순명사형,RAG_후보_누락,RAG_검색_실패
deepseek-r1:8b,첼라,드라이버,워터펌프플라이어,드라이버,False,-1,False,단순명사형,RAG_후보_누락,RAG_검색_실패
deepseek-r1:8b,첼라 300,플라이어,워터펌프플라이어,플라이어,False,-1,False,단순명사형,RAG_후보_누락,RAG_검색_실패
deepseek-r1:8b,충전 임팩드라이버,임팩트드라이버,충전임팩트드라이버,충전임팩트드라이버,True,1,False,동력원_명시,LLM_유사공구_오선택,동력원_분류_오류
deepseek-r1:8b,충전 전동드릴,전동드릴,충전드릴,충전드릴,True,1,False,동력원_명시,LLM_유사공구_오선택,동력원_분류_오류
deepseek-r1:8b,충전 전동드릴(계양),전동드릴,충전드릴,충전드릴,True,1,False,브랜드명_혼입 | 동력원_명시,LLM_유사공구_오선택,동력원_분류_오류
deepseek-r1:8b,충전 전동드릴(보쉬),전동드릴,충전드릴,충전드릴,True,1,False,브랜드명_혼입 | 동력원_명시,LLM_유사공구_오선택,동력원_분류_오류
deepseek-r1:8b,충전드라이버,충전드릴,전동드라이버,충전임팩트드라이버,True,4,False,동력원_명시,LLM_후보내_오선택,완전_다른_공구_선택
deepseek-r1:8b,충전햄머드릴,충전드릴,충전해머드릴,충전해머드릴,True,1,False,동력원_명시,LLM_유사공구_오선택,드릴_드라이버_계열_혼동
deepseek-r1:8b,함마,해머드릴,망치,연마석,False,-1,False,일본어_잔재,RAG_후보_누락,RAG_검색_실패
deepseek-r1:8b,함마드릴,충전해머드릴,해머드릴,해머드릴,True,1,False,일본어_잔재,LLM_유사공구_오선택,동력원_분류_오류
deepseek-r1:8b,함석가위,고지가위,철판가위,철판가위,True,1,False,단순명사형,LLM_후보내_오선택,완전_다른_공구_선택
deepseek-r1:8b,헤라 3인치,렌치,스크레퍼,앵글그라인더,False,-1,False,규격_속성_혼입,RAG_후보_누락,RAG_검색_실패
deepseek-r1:8b,헤라 5인치,앵글그라인더,스크레퍼,앵글그라인더,False,-1,False,규격_속성_혼입,RAG_후보_누락,RAG_검색_실패
exaone3.5:2.4b,보쉬 pushdrive,충전임팩트드라이버,전동드라이버,보안경,False,-1,False,브랜드명_혼입,RAG_후보_누락,RAG_검색_실패
exaone3.5:2.4b,보쉬 수공구세트,공구함세트,공구세트,공구세트,True,1,False,브랜드명_혼입 | 세트_복합,LLM_유사공구_오선택,동일계열_공구_혼동
exaone3.5:2.4b,"전동드릴(무선, 보쉬)",전동드릴,충전드릴,전동드릴,True,3,False,브랜드명_혼입 | 동력원_명시,LLM_유사공구_오선택,동력원_분류_오류
exaone3.5:2.4b,(34)글루건(소형),글루스틱,글루건,글루건,True,1,False,단순명사형,LLM_후보내_오선택,완전_다른_공구_선택
exaone3.5:2.4b,(36) 유선햄머전동드릴(콘크리트용),콘크리트용드릴비트,해머드릴,콘크리트용드릴비트,True,5,True,동력원_명시,LLM_후보내_오선택,본체_부속품_혼동
exaone3.5:2.4b,(37)드릴날 세트(콘크리트용),콘크리트용드릴비트,콘크리트드릴비트세트,콘크리트용드릴비트,True,2,True,세트_복합,LLM_후보내_오선택,세트_단품_혼동
exaone3.5:2.4b,(45)에어펌프(자전거 공기주입기),에어펌프,자전거펌프,자전거펌프,True,1,False,동력원_명시,LLM_후보내_오선택,완전_다른_공구_선택
exaone3.5:2.4b,(46)플라이어,롱노즈플라이어,플라이어,플라이어,True,1,False,단순명사형,LLM_유사공구_오선택,동일계열_공구_혼동
exaone3.5:2.4b,(5)니퍼,강력니퍼,니퍼,니퍼,True,1,False,단순명사형,LLM_후보내_오선택,완전_다른_공구_선택
exaone3.5:2.4b,(54)미니충전전동드릴,충전해머드릴,충전드릴,전동드릴,True,2,False,동력원_명시,LLM_유사공구_오선택,드릴_드라이버_계열_혼동
exaone3.5:2.4b,12P 3종 기리세트(육각씽크),육각렌치세트,드릴비트세트,육각렌치세트,True,10,False,세트_복합 | 일본어_잔재 | 모델번호_포함,LLM_후보내_오선택,본체_부속품_혼동
exaone3.5:2.4b,13RE,냉동라쳇렌치,해머드릴,LED투광기,False,-1,False,모델번호_포함,RAG_후보_누락,RAG_검색_실패
exaone3.5:2.4b,18V 밧데리(디월트),PVC컷터,배터리팩,PVC컷터,True,5,True,브랜드명_혼입 | 규격_속성_혼입 | 모델번호_포함,LLM_후보내_오선택,본체_부속품_혼동
exaone3.5:2.4b,300mm첼라,롱노즈플라이어,워터펌프플라이어,플라이어,False,-1,False,모델번호_포함,RAG_후보_누락,RAG_검색_실패
exaone3.5:2.4b,4인치 그라인더,샌더,앵글그라인더,앵글그라인더,True,1,False,규격_속성_혼입,LLM_후보내_오선택,완전_다른_공구_선택
exaone3.5:2.4b,BOSCH GSB18V-21,SDS드릴비트,충전해머드릴,SDS드릴비트,False,-1,True,브랜드명_혼입 | 규격_속성_혼입 | 모델번호_포함,RAG_후보_누락,RAG_검색_실패
exaone3.5:2.4b,BOSCH Professional 전동드라이브,전동드릴,전동드라이버,전동드라이버,True,1,False,브랜드명_혼입,LLM_후보내_오선택,완전_다른_공구_선택
exaone3.5:2.4b,LED랜턴,LED작업등,LED손전등,LED손전등,True,1,False,단순명사형,LLM_후보내_오선택,완전_다른_공구_선택
exaone3.5:2.4b,LED작업등(충전용),충전드릴,LED작업등,LED작업등,True,1,False,동력원_명시,LLM_후보내_오선택,완전_다른_공구_선택
exaone3.5:2.4b,L렌지세트,볼렌치세트,육각렌치세트,T렌치세트,True,5,False,세트_복합,LLM_후보내_오선택,완전_다른_공구_선택
exaone3.5:2.4b,L렌지셋트,볼렌치세트,육각렌치세트,옵셋렌치,True,6,False,세트_복합,LLM_후보내_오선택,완전_다른_공구_선택
exaone3.5:2.4b,L렌치 세트,볼렌치세트,육각렌치세트,T렌치세트,True,5,False,세트_복합,LLM_후보내_오선택,완전_다른_공구_선택
exaone3.5:2.4b,L렌치세트,볼렌치세트,육각렌치세트,T렌치세트,True,7,False,세트_복합,LLM_후보내_오선택,완전_다른_공구_선택
exaone3.5:2.4b,L렌치세트(9pcs),T렌치세트,육각렌치세트,T렌치세트,True,7,False,규격_속성_혼입 | 세트_복합,LLM_후보내_오선택,완전_다른_공구_선택
exaone3.5:2.4b,L형 렌치세트,별렌치세트,육각렌치세트,별렌치세트,True,5,True,세트_복합,LLM_후보내_오선택,완전_다른_공구_선택
exaone3.5:2.4b,L형 렌치세트,별렌치세트,육각렌치세트,별렌치세트,True,5,True,세트_복합,LLM_후보내_오선택,완전_다른_공구_선택
exaone3.5:2.4b,L형 렌치센트,라쳇렌치세트,육각렌치세트,렌치,True,6,False,단순명사형,LLM_후보내_오선택,완전_다른_공구_선택
exaone3.5:2.4b,PVC커타,커터,PVC컷터,PVC컷터,True,1,False,단순명사형,LLM_후보내_오선택,완전_다른_공구_선택
exaone3.5:2.4b,usb 충전식 드라이버,충전임팩트드라이버,전동드라이버,충전임팩트드라이버,True,3,True,동력원_명시,LLM_유사공구_오선택,동력원_분류_오류
exaone3.5:2.4b,가정용 미니드릴 Set,SDS드릴비트,충전드릴,SDS드릴비트,True,6,True,세트_복합,LLM_후보내_오선택,본체_부속품_혼동
exaone3.5:2.4b,갓다,사다리,커터,사다리,False,-1,True,단순명사형,RAG_후보_누락,RAG_검색_실패
exaone3.5:2.4b,강력절단기,강력니퍼,볼트컷터,고속절단기,True,15,False,단순명사형,LLM_후보내_오선택,완전_다른_공구_선택
exaone3.5:2.4b,강력절단기(45cm),고속절단기,볼트컷터,고속절단기,False,-1,False,규격_속성_혼입 | 모델번호_포함,RAG_후보_누락,RAG_검색_실패
exaone3.5:2.4b,계양임팩드릴,해머드릴,임팩트드릴,임팩트드릴,True,1,False,브랜드명_혼입,LLM_유사공구_오선택,드릴_드라이버_계열_혼동
exaone3.5:2.4b,고글,글루건,보안경,글루건,False,-1,True,단순명사형,RAG_후보_누락,RAG_검색_실패
exaone3.5:2.4b,고무피복줄자,고무망치,줄자,줄자,True,1,False,단순명사형,LLM_후보내_오선택,완전_다른_공구_선택
exaone3.5:2.4b,고무피복줄자,고무망치,줄자,줄자,True,1,False,단순명사형,LLM_후보내_오선택,완전_다른_공구_선택
exaone3.5:2.4b,공구셋트SMATO(16),공구함,공구세트,공구세트,True,1,False,세트_복합,LLM_유사공구_오선택,동일계열_공구_혼동
exaone3.5:2.4b,공구셋트SMATO(25),공구함세트,공구세트,공구세트,True,1,False,세트_복합,LLM_유사공구_오선택,동일계열_공구_혼동
exaone3.5:2.4b,공구함키트박스(디월트),공구함세트,공구함,공구함,True,1,False,브랜드명_혼입 | 세트_복합,LLM_유사공구_오선택,동일계열_공구_혼동
exaone3.5:2.4b,권총인두(60W),충전임팩트드라이버,전기인두,전기인두,True,1,False,규격_속성_혼입 | 모델번호_포함,LLM_후보내_오선택,완전_다른_공구_선택
exaone3.5:2.4b,그라인더(유선),샌더,앵글그라인더,앵글그라인더,True,1,False,동력원_명시,LLM_후보내_오선택,완전_다른_공구_선택
exaone3.5:2.4b,글루건&글루스틱,글루스틱,글루건,글루스틱,True,2,False,세트_복합,LLM_후보내_오선택,완전_다른_공구_선택
exaone3.5:2.4b,글루건(&심),글루스틱,글루건,글루건,True,1,False,세트_복합,LLM_후보내_오선택,완전_다른_공구_선택
exaone3.5:2.4b,기리세트,기어렌치세트,드릴비트세트,세트,True,9,False,세트_복합 | 일본어_잔재,LLM_후보내_오선택,본체_부속품_혼동
exaone3.5:2.4b,기리세트(10p),비트세트,드릴비트세트,세트,True,8,False,세트_복합 | 일본어_잔재 | 모델번호_포함,LLM_후보내_오선택,완전_다른_공구_선택
exaone3.5:2.4b,기리셋트,장도리,드릴비트세트,옵셋렌치,False,-1,False,세트_복합 | 일본어_잔재,RAG_후보_누락,RAG_검색_실패
exaone3.5:2.4b,노기스,스프링배관청소기,버니어캘리퍼스,롱노즈플라이어,False,-1,False,일본어_잔재,RAG_후보_누락,RAG_검색_실패
exaone3.5:2.4b,니퍼,강력니퍼,니퍼,니퍼,True,1,False,단순명사형,LLM_후보내_오선택,완전_다른_공구_선택
exaone3.5:2.4b,니퍼,강력니퍼,니퍼,니퍼,True,1,False,단순명사형,LLM_후보내_오선택,완전_다른_공구_선택
exaone3.5:2.4b,니퍼 (150mm),콘크리트니퍼,니퍼,니퍼,True,1,False,규격_속성_혼입 | 모델번호_포함,LLM_후보내_오선택,완전_다른_공구_선택
exaone3.5:2.4b,니퍼 6인치,콘크리트니퍼,니퍼,니퍼,True,1,False,규격_속성_혼입,LLM_후보내_오선택,완전_다른_공구_선택
exaone3.5:2.4b,니퍼(6인치),콘크리트니퍼,니퍼,니퍼,True,1,False,규격_속성_혼입,LLM_후보내_오선택,완전_다른_공구_선택
exaone3.5:2.4b,니퍼(7인치),강력니퍼,니퍼,니퍼,True,1,False,규격_속성_혼입,LLM_후보내_오선택,완전_다른_공구_선택
exaone3.5:2.4b,니퍼(8인치),콘크리트니퍼,니퍼,니퍼,True,1,False,규격_속성_혼입,LLM_후보내_오선택,완전_다른_공구_선택
exaone3.5:2.4b,디월트 DCD709L2,LED작업등,충전드릴,LED작업등,False,-1,True,브랜드명_혼입 | 모델번호_포함,RAG_후보_누락,RAG_검색_실패
exaone3.5:2.4b,디월트 공구함세트,전동공구세트,공구함세트,공구함세트,True,1,False,브랜드명_혼입 | 세트_복합,LLM_유사공구_오선택,동력원_분류_오류
exaone3.5:2.4b,디월트 타카,타카,건타카,타카,True,4,True,브랜드명_혼입,LLM_후보내_오선택,완전_다른_공구_선택
exaone3.5:2.4b,락킹 플라이어,플라이어,바이스그립플라이어,플라이어,True,8,False,단순명사형,LLM_유사공구_오선택,동일계열_공구_혼동
exaone3.5:2.4b,랜턴,렌치,LED손전등,렌치,False,-1,True,단순명사형,RAG_후보_누락,RAG_검색_실패
exaone3.5:2.4b,롱로우즈,굽은노즈플라이어,롱노즈플라이어,롱노즈플라이어,True,1,False,단순명사형,LLM_유사공구_오선택,동일계열_공구_혼동
exaone3.5:2.4b,망치/함마/장도리,장도리,망치,장도리,True,2,False,세트_복합 | 일본어_잔재,LLM_후보내_오선택,완전_다른_공구_선택
exaone3.5:2.4b,매직렌치,몽키렌치,만능렌치,렌치,True,2,False,단순명사형,LLM_후보내_오선택,완전_다른_공구_선택
exaone3.5:2.4b,무선드릴,전동드릴,충전드릴,전동드릴,True,2,True,동력원_명시,LLM_유사공구_오선택,동력원_분류_오류
exaone3.5:2.4b,밀워키 M12 BID,몽키렌치,충전임팩트드라이버,몽키렌치,False,-1,True,브랜드명_혼입,RAG_후보_누락,RAG_검색_실패
exaone3.5:2.4b,밀워키 래치 렌치세트,볼렌치세트,라쳇렌치세트,별렌치세트,True,2,False,브랜드명_혼입 | 세트_복합,LLM_후보내_오선택,완전_다른_공구_선택
exaone3.5:2.4b,보쉬 13RE,볼렌치,해머드릴,보안경,False,-1,False,브랜드명_혼입 | 모델번호_포함,RAG_후보_누락,RAG_검색_실패
exaone3.5:2.4b,보쉬 수공구세트,공구함세트,공구세트,공구세트,True,1,False,브랜드명_혼입 | 세트_복합,LLM_유사공구_오선택,동일계열_공구_혼동
exaone3.5:2.4b,보쉬멀티기리세트,멀티테스터,드릴비트세트,멀티테스터,False,-1,True,브랜드명_혼입 | 세트_복합 | 일본어_잔재,RAG_후보_누락,RAG_검색_실패
exaone3.5:2.4b,복스세트,다이스세트,소켓렌치세트,다이스세트,False,-1,True,세트_복합,RAG_후보_누락,RAG_검색_실패
exaone3.5:2.4b,빠루,빠루망치,쇠지렛대,빠루망치,False,-1,False,일본어_잔재,RAG_후보_누락,RAG_검색_실패
exaone3.5:2.4b,빠루망치,망치,빠루망치,빠루망치,True,1,False,일본어_잔재,LLM_후보내_오선택,완전_다른_공구_선택
exaone3.5:2.4b,빠루망치,망치,빠루망치,빠루망치,True,1,False,일본어_잔재,LLM_후보내_오선택,완전_다른_공구_선택
exaone3.5:2.4b,뺀찌,핀펀치,펜치,핀펀치,True,15,False,단순명사형,LLM_후보내_오선택,완전_다른_공구_선택
exaone3.5:2.4b,뺀치,핀펀치,펜치,망치,True,2,False,일본어_잔재,LLM_후보내_오선택,완전_다른_공구_선택
exaone3.5:2.4b,세신 가정용 공구 세트,공구함세트,공구세트,공구세트,True,1,False,브랜드명_혼입 | 세트_복합,LLM_유사공구_오선택,동일계열_공구_혼동
exaone3.5:2.4b,세신공구세트,공구함세트,공구세트,공구세트,True,1,False,브랜드명_혼입 | 세트_복합,LLM_유사공구_오선택,동일계열_공구_혼동
exaone3.5:2.4b,손타카,타카,손타카,손타카,True,1,False,단순명사형,LLM_후보내_오선택,완전_다른_공구_선택
exaone3.5:2.4b,손타카,타카,손타카,손타카,True,1,False,단순명사형,LLM_후보내_오선택,완전_다른_공구_선택
exaone3.5:2.4b,쇠톱,톱,쇠톱,쇠톱,True,1,False,단순명사형,LLM_후보내_오선택,완전_다른_공구_선택
exaone3.5:2.4b,쇠톱대,톱,쇠톱,쇠톱,True,1,False,단순명사형,LLM_후보내_오선택,완전_다른_공구_선택
exaone3.5:2.4b,수평계,디지털수평기,수평기,수평기,True,1,False,단순명사형,LLM_후보내_오선택,완전_다른_공구_선택
exaone3.5:2.4b,수평대(450mm),디지털수평기,수평기,수평기,True,1,False,규격_속성_혼입 | 모델번호_포함,LLM_후보내_오선택,완전_다른_공구_선택
exaone3.5:2.4b,수평대(디월트),디지털수평기,수평기,수평기,True,1,False,브랜드명_혼입,LLM_후보내_오선택,완전_다른_공구_선택
exaone3.5:2.4b,수평자,디지털수평기,수평기,수평기,True,1,False,단순명사형,LLM_후보내_오선택,완전_다른_공구_선택
exaone3.5:2.4b,수평자,디지털수평기,수평기,수평기,True,1,False,단순명사형,LLM_후보내_오선택,완전_다른_공구_선택
exaone3.5:2.4b,스패너(200mm),편구스패너,스패너,스패너,True,1,False,규격_속성_혼입 | 모델번호_포함,LLM_유사공구_오선택,동일계열_공구_혼동
exaone3.5:2.4b,아임삭 콤보드릴,전동드릴,충전드릴,임팩트드릴,True,4,False,브랜드명_혼입,LLM_유사공구_오선택,동력원_분류_오류
exaone3.5:2.4b,일자겸용 충전드릴,충전임팩트드라이버,충전드릴,충전드릴,True,1,False,동력원_명시,LLM_후보내_오선택,완전_다른_공구_선택
exaone3.5:2.4b,일자경용 충전드릴,충전임팩트드라이버,충전드릴,충전드릴,True,1,False,동력원_명시,LLM_후보내_오선택,완전_다른_공구_선택
exaone3.5:2.4b,임팩트드라이버,충전임팩트드라이버,임팩트드라이버,임팩트드라이버,True,1,False,단순명사형,LLM_유사공구_오선택,동력원_분류_오류
exaone3.5:2.4b,자석수평,디지털수평기,수평기,수평기,True,1,False,단순명사형,LLM_후보내_오선택,완전_다른_공구_선택
exaone3.5:2.4b,전기해머드릴,충전해머드릴,해머드릴,해머드릴,True,1,False,동력원_명시,LLM_유사공구_오선택,동력원_분류_오류
exaone3.5:2.4b,전동 무선드릴,전동드릴,충전드릴,전동드릴,True,3,True,동력원_명시,LLM_유사공구_오선택,동력원_분류_오류
exaone3.5:2.4b,전동드릴(무선),전동드릴,충전드릴,전동드릴,True,4,False,동력원_명시,LLM_유사공구_오선택,동력원_분류_오류
exaone3.5:2.4b,전동드릴(보쉬 GSR14.4-2),전동드릴,충전드릴,전동드릴,True,3,False,브랜드명_혼입 | 규격_속성_혼입 | 모델번호_포함,LLM_유사공구_오선택,동력원_분류_오류
exaone3.5:2.4b,전동일자톱,원형톱,왕복톱(레시프로쏘),전동타카,False,-1,False,동력원_명시,RAG_후보_누락,RAG_검색_실패
exaone3.5:2.4b,전동일자톱,원형톱,왕복톱(레시프로쏘),전동타카,False,-1,False,동력원_명시,RAG_후보_누락,RAG_검색_실패
exaone3.5:2.4b,조경가위,다목적가위,전지가위,철판가위,True,4,False,단순명사형,LLM_후보내_오선택,완전_다른_공구_선택
exaone3.5:2.4b,직소,직각자,직소기,직소기,True,1,False,단순명사형,LLM_후보내_오선택,완전_다른_공구_선택
exaone3.5:2.4b,집톱,톱,접톱,톱,True,2,False,단순명사형,LLM_후보내_오선택,완전_다른_공구_선택
exaone3.5:2.4b,철기리,철공용드릴비트세트,철공용드릴비트,철판가위,True,3,False,일본어_잔재,LLM_유사공구_오선택,드릴_드라이버_계열_혼동
exaone3.5:2.4b,첼라,플라이어,워터펌프플라이어,드라이버,False,-1,False,단순명사형,RAG_후보_누락,RAG_검색_실패
exaone3.5:2.4b,첼라,플라이어,워터펌프플라이어,드라이버,False,-1,False,단순명사형,RAG_후보_누락,RAG_검색_실패
exaone3.5:2.4b,첼라,플라이어,워터펌프플라이어,드라이버,False,-1,False,단순명사형,RAG_후보_누락,RAG_검색_실패
exaone3.5:2.4b,첼라 300,플라이어,워터펌프플라이어,플라이어,False,-1,False,단순명사형,RAG_후보_누락,RAG_검색_실패
exaone3.5:2.4b,충전 전동드릴(계양),충전해머드릴,충전드릴,충전드릴,True,1,False,브랜드명_혼입 | 동력원_명시,LLM_유사공구_오선택,드릴_드라이버_계열_혼동
exaone3.5:2.4b,충전 전동드릴(보쉬),충전임팩트드라이버,충전드릴,충전드릴,True,1,False,브랜드명_혼입 | 동력원_명시,LLM_후보내_오선택,완전_다른_공구_선택
exaone3.5:2.4b,충전 전동드릴(아임삭),충전임팩트드라이버,충전드릴,충전드릴,True,1,False,브랜드명_혼입 | 동력원_명시,LLM_후보내_오선택,완전_다른_공구_선택
exaone3.5:2.4b,충전드라이버,충전드릴,전동드라이버,충전임팩트드라이버,True,4,False,동력원_명시,LLM_후보내_오선택,완전_다른_공구_선택
exaone3.5:2.4b,충전함마드릴(디월트),충전임팩트드라이버,충전해머드릴,충전드릴,True,2,False,브랜드명_혼입 | 동력원_명시 | 일본어_잔재,LLM_후보내_오선택,완전_다른_공구_선택
exaone3.5:2.4b,타카,타카핀,타카,타카,True,1,False,단순명사형,LLM_후보내_오선택,완전_다른_공구_선택
exaone3.5:2.4b,함마,해머드릴,망치,연마석,False,-1,False,일본어_잔재,RAG_후보_누락,RAG_검색_실패
exaone3.5:2.4b,함석가위,다목적가위,철판가위,철판가위,True,1,False,단순명사형,LLM_후보내_오선택,완전_다른_공구_선택
exaone3.5:2.4b,해머드릴(유선),전동드릴,해머드릴,해머드릴,True,1,False,동력원_명시,LLM_유사공구_오선택,동력원_분류_오류
exaone3.5:2.4b,헤라 3인치,앵글그라인더,스크레퍼,앵글그라인더,False,-1,True,규격_속성_혼입,RAG_후보_누락,RAG_검색_실패
exaone3.5:2.4b,헤라 5인치,앵글그라인더,스크레퍼,앵글그라인더,False,-1,True,규격_속성_혼입,RAG_후보_누락,RAG_검색_실패
exaone3.5:7.8b,바이스플라이어,플라이어세트,바이스그립플라이어,바이스그립플라이어,True,1,False,일본어_잔재 | 오탈자_의심,LLM_유사공구_오선택,동일계열_공구_혼동
exaone3.5:7.8b,보쉬 pushdrive,충전임팩트드라이버,전동드라이버,보안경,False,-1,False,브랜드명_혼입,RAG_후보_누락,RAG_검색_실패
exaone3.5:7.8b,(36) 유선햄머전동드릴(콘크리트용),충전해머드릴,해머드릴,콘크리트용드릴비트,True,5,False,동력원_명시,LLM_유사공구_오선택,동력원_분류_오류
exaone3.5:7.8b,(45)에어펌프(자전거 공기주입기),에어펌프,자전거펌프,자전거펌프,True,1,False,동력원_명시,LLM_후보내_오선택,완전_다른_공구_선택
exaone3.5:7.8b,12P 3종 기리세트(육각씽크),육각렌치세트,드릴비트세트,육각렌치세트,True,10,True,세트_복합 | 일본어_잔재 | 모델번호_포함,LLM_후보내_오선택,본체_부속품_혼동
exaone3.5:7.8b,3.6v 전동드라이버,충전임팩트드라이버,전동드라이버,전동드라이버,True,1,False,규격_속성_혼입,LLM_유사공구_오선택,동력원_분류_오류
exaone3.5:7.8b,300mm첼라,롱노즈플라이어,워터펌프플라이어,플라이어,False,-1,False,모델번호_포함,RAG_후보_누락,RAG_검색_실패
exaone3.5:7.8b,A형 4단 사다리,사다리,A형사다리,A형사다리,True,1,False,단순명사형,LLM_후보내_오선택,완전_다른_공구_선택
exaone3.5:7.8b,A형 사다리,사다리,A형사다리,A형사다리,True,1,False,단순명사형,LLM_후보내_오선택,완전_다른_공구_선택
exaone3.5:7.8b,A형사다리(1.45M),사다리,A형사다리,A형사다리,True,1,False,규격_속성_혼입 | 모델번호_포함,LLM_후보내_오선택,완전_다른_공구_선택
exaone3.5:7.8b,BOSCH GSB18V-21,고속절단기,충전해머드릴,SDS드릴비트,False,-1,False,브랜드명_혼입 | 규격_속성_혼입 | 모델번호_포함,RAG_후보_누락,RAG_검색_실패
exaone3.5:7.8b,BOSCH 엑세서리 드릴 세트,공구세트,드릴비트세트,드릴비트세트,True,1,False,브랜드명_혼입 | 세트_복합,LLM_후보내_오선택,본체_부속품_혼동
exaone3.5:7.8b,LED 랜턴,LED작업등,LED손전등,LED손전등,True,1,False,단순명사형,LLM_후보내_오선택,완전_다른_공구_선택
exaone3.5:7.8b,LED랜턴,LED작업등,LED손전등,LED손전등,True,1,False,단순명사형,LLM_후보내_오선택,완전_다른_공구_선택
exaone3.5:7.8b,LED후레쉬,LED작업등,LED손전등,LED손전등,True,1,False,단순명사형,LLM_후보내_오선택,완전_다른_공구_선택
exaone3.5:7.8b,L렌치 세트,라쳇렌치세트,육각렌치세트,T렌치세트,True,5,False,세트_복합,LLM_후보내_오선택,완전_다른_공구_선택
exaone3.5:7.8b,L렌치세트,라쳇렌치세트,육각렌치세트,T렌치세트,True,7,False,세트_복합,LLM_후보내_오선택,완전_다른_공구_선택
exaone3.5:7.8b,L형 렌치센트,T렌치세트,육각렌치세트,렌치,True,6,False,단순명사형,LLM_후보내_오선택,완전_다른_공구_선택
exaone3.5:7.8b,[보쉬]테이블쏘(10인치),왕복톱(레시프로쏘),테이블톱,테이블톱,True,1,False,브랜드명_혼입 | 규격_속성_혼입,LLM_후보내_오선택,완전_다른_공구_선택
exaone3.5:7.8b,usb 충전식 드라이버,충전임팩트드라이버,전동드라이버,충전임팩트드라이버,True,3,False,동력원_명시,LLM_유사공구_오선택,동력원_분류_오류
exaone3.5:7.8b,가정용 소형 드릴,충전드릴,전동드릴,전동드릴,True,1,False,단순명사형,LLM_유사공구_오선택,동력원_분류_오류
exaone3.5:7.8b,갓다,타카,커터,사다리,False,-1,False,단순명사형,RAG_후보_누락,RAG_검색_실패
exaone3.5:7.8b,강력절단기,고속절단기,볼트컷터,고속절단기,True,15,False,단순명사형,LLM_후보내_오선택,완전_다른_공구_선택
exaone3.5:7.8b,강력절단기(45cm),고속절단기,볼트컷터,고속절단기,False,-1,False,규격_속성_혼입 | 모델번호_포함,RAG_후보_누락,RAG_검색_실패
exaone3.5:7.8b,겸용해머드릴(GBH5-38X),충전해머드릴,해머드릴,해머드릴,True,1,False,규격_속성_혼입 | 모델번호_포함,LLM_유사공구_오선택,동력원_분류_오류
exaone3.5:7.8b,경량 몽키렌치,만능렌치,몽키렌치,몽키렌치,True,1,False,단순명사형,LLM_후보내_오선택,완전_다른_공구_선택
exaone3.5:7.8b,계양임팩드릴,충전임팩트드라이버,임팩트드릴,임팩트드릴,True,1,False,브랜드명_혼입,LLM_후보내_오선택,완전_다른_공구_선택
exaone3.5:7.8b,고글,고지가위,보안경,글루건,False,-1,False,단순명사형,RAG_후보_누락,RAG_검색_실패
exaone3.5:7.8b,공구함키트박스(디월트),공구함세트,공구함,공구함,True,1,False,브랜드명_혼입 | 세트_복합,LLM_유사공구_오선택,동일계열_공구_혼동
exaone3.5:7.8b,기리세트,기어렌치세트,드릴비트세트,세트,True,9,False,세트_복합 | 일본어_잔재,LLM_후보내_오선택,본체_부속품_혼동
exaone3.5:7.8b,기리셋트,기어렌치세트,드릴비트세트,옵셋렌치,False,-1,False,세트_복합 | 일본어_잔재,RAG_후보_누락,RAG_검색_실패
exaone3.5:7.8b,노기스,편구스패너,버니어캘리퍼스,롱노즈플라이어,False,-1,False,일본어_잔재,RAG_후보_누락,RAG_검색_실패
exaone3.5:7.8b,니퍼 (150mm),강력니퍼,니퍼,니퍼,True,1,False,규격_속성_혼입 | 모델번호_포함,LLM_후보내_오선택,완전_다른_공구_선택
exaone3.5:7.8b,니퍼 6인치,강력니퍼,니퍼,니퍼,True,1,False,규격_속성_혼입,LLM_후보내_오선택,완전_다른_공구_선택
exaone3.5:7.8b,디월트 DCD709L2,LED작업등,충전드릴,LED작업등,False,-1,True,브랜드명_혼입 | 모델번호_포함,RAG_후보_누락,RAG_검색_실패
exaone3.5:7.8b,디월트 공구함세트,전동공구세트,공구함세트,공구함세트,True,1,False,브랜드명_혼입 | 세트_복합,LLM_유사공구_오선택,동력원_분류_오류
exaone3.5:7.8b,디월트 타카,전동타카,건타카,타카,True,4,False,브랜드명_혼입,LLM_후보내_오선택,완전_다른_공구_선택
exaone3.5:7.8b,락킹 플라이어,다이아고날플라이어,바이스그립플라이어,플라이어,True,8,False,단순명사형,LLM_유사공구_오선택,동일계열_공구_혼동
exaone3.5:7.8b,랜턴,렌치,LED손전등,렌치,False,-1,True,단순명사형,RAG_후보_누락,RAG_검색_실패
exaone3.5:7.8b,마끼다 해머드릴(유선),로터리해머드릴,해머드릴,해머드릴,True,1,False,브랜드명_혼입 | 동력원_명시 | 오탈자_의심,LLM_유사공구_오선택,드릴_드라이버_계열_혼동
exaone3.5:7.8b,목공용 접톱,접톱,목공용접톱,목공용접톱,True,1,False,단순명사형,LLM_후보내_오선택,완전_다른_공구_선택
exaone3.5:7.8b,몽키 10인치,만능렌치,몽키렌치,몽키렌치,True,1,False,규격_속성_혼입,LLM_후보내_오선택,완전_다른_공구_선택
exaone3.5:7.8b,몽키 12인치,만능렌치,몽키렌치,몽키렌치,True,1,False,규격_속성_혼입,LLM_후보내_오선택,완전_다른_공구_선택
exaone3.5:7.8b,미니전동드라이버드릴,양용드라이버,전동드라이버,전동드라이버,True,1,False,단순명사형,LLM_후보내_오선택,완전_다른_공구_선택
exaone3.5:7.8b,밀워키 M12 BID,드릴비트세트,충전임팩트드라이버,몽키렌치,False,-1,False,브랜드명_혼입,RAG_후보_누락,RAG_검색_실패
exaone3.5:7.8b,바이스플라이어,플라이어세트,바이스그립플라이어,바이스그립플라이어,True,1,False,일본어_잔재 | 오탈자_의심,LLM_유사공구_오선택,동일계열_공구_혼동
exaone3.5:7.8b,보쉬 열풍기,송풍기,열풍기,열풍기,True,1,False,브랜드명_혼입,LLM_후보내_오선택,완전_다른_공구_선택
exaone3.5:7.8b,보쉬 충전 임팩트 드릴/드라이버,충전해머드릴,충전임팩트드라이버,충전임팩트드라이버,True,1,False,브랜드명_혼입 | 동력원_명시 | 세트_복합,LLM_후보내_오선택,완전_다른_공구_선택
exaone3.5:7.8b,보쉬 해머드릴,로터리해머드릴,해머드릴,해머드릴,True,1,False,브랜드명_혼입,LLM_유사공구_오선택,드릴_드라이버_계열_혼동
exaone3.5:7.8b,보쉬멀티기리세트,멀티테스터,드릴비트세트,멀티테스터,False,-1,False,브랜드명_혼입 | 세트_복합 | 일본어_잔재,RAG_후보_누락,RAG_검색_실패
exaone3.5:7.8b,보쉬해머드릴,충전해머드릴,해머드릴,해머드릴,True,1,False,브랜드명_혼입,LLM_유사공구_오선택,동력원_분류_오류
exaone3.5:7.8b,복스세트,육각렌치세트,소켓렌치세트,다이스세트,False,-1,False,세트_복합,RAG_후보_누락,RAG_검색_실패
exaone3.5:7.8b,볼트카타,타카,볼트컷터,볼트컷터,True,1,False,단순명사형,LLM_후보내_오선택,완전_다른_공구_선택
exaone3.5:7.8b,빠루,빠루망치,쇠지렛대,빠루망치,False,-1,False,일본어_잔재,RAG_후보_누락,RAG_검색_실패
exaone3.5:7.8b,뺀치,핀펀치,펜치,망치,True,2,False,일본어_잔재,LLM_후보내_오선택,완전_다른_공구_선택
exaone3.5:7.8b,쇠톱대,원형톱,쇠톱,쇠톱,True,1,False,단순명사형,LLM_후보내_오선택,완전_다른_공구_선택
exaone3.5:7.8b,수평대,레이저수평기,수평기,수평기,True,1,False,단순명사형,LLM_유사공구_오선택,동일계열_공구_혼동
exaone3.5:7.8b,수평대(450mm),디지털수평기,수평기,수평기,True,1,False,규격_속성_혼입 | 모델번호_포함,LLM_후보내_오선택,완전_다른_공구_선택
exaone3.5:7.8b,수평대(디월트),디지털수평기,수평기,수평기,True,1,False,브랜드명_혼입,LLM_후보내_오선택,완전_다른_공구_선택
exaone3.5:7.8b,스크류 전동 드라이버,양용드라이버,전동드라이버,전동드라이버,True,1,False,단순명사형,LLM_후보내_오선택,완전_다른_공구_선택
exaone3.5:7.8b,스킬 함마드릴,임팩트드릴,해머드릴,해머드릴,True,1,False,일본어_잔재,LLM_유사공구_오선택,드릴_드라이버_계열_혼동
exaone3.5:7.8b,스프링청소기,고압세척기,스프링배관청소기,스프링배관청소기,True,1,False,단순명사형,LLM_후보내_오선택,완전_다른_공구_선택
exaone3.5:7.8b,아임삭 콤보드릴,전동드릴,충전드릴,임팩트드릴,True,4,False,브랜드명_혼입,LLM_유사공구_오선택,동력원_분류_오류
exaone3.5:7.8b,아임삭충전드릴,전동드릴,충전드릴,충전드릴,True,1,False,브랜드명_혼입 | 동력원_명시,LLM_유사공구_오선택,동력원_분류_오류
exaone3.5:7.8b,자석수평,레이저수평기,수평기,수평기,True,1,False,단순명사형,LLM_유사공구_오선택,동일계열_공구_혼동
exaone3.5:7.8b,자전거 펌프,에어펌프,자전거펌프,자전거펌프,True,1,False,단순명사형,LLM_후보내_오선택,완전_다른_공구_선택
exaone3.5:7.8b,자전거펌프,에어펌프,자전거펌프,자전거펌프,True,1,False,단순명사형,LLM_후보내_오선택,완전_다른_공구_선택
exaone3.5:7.8b,전기드릴,전기인두,전동드릴,전동드릴,True,1,False,동력원_명시,LLM_후보내_오선택,완전_다른_공구_선택
exaone3.5:7.8b,전기해머드릴,충전해머드릴,해머드릴,해머드릴,True,1,False,동력원_명시,LLM_유사공구_오선택,동력원_분류_오류
exaone3.5:7.8b,전기헤머드릴,충전해머드릴,해머드릴,해머드릴,True,1,False,동력원_명시,LLM_유사공구_오선택,동력원_분류_오류
exaone3.5:7.8b,전동 해머드릴,로터리해머드릴,해머드릴,해머드릴,True,1,False,동력원_명시,LLM_유사공구_오선택,드릴_드라이버_계열_혼동
exaone3.5:7.8b,전동 해머드릴,로터리해머드릴,해머드릴,해머드릴,True,1,False,동력원_명시,LLM_유사공구_오선택,드릴_드라이버_계열_혼동
exaone3.5:7.8b,전동드릴(보쉬 GSR14.4-2),전동드릴,충전드릴,전동드릴,True,3,False,브랜드명_혼입 | 규격_속성_혼입 | 모델번호_포함,LLM_유사공구_오선택,동력원_분류_오류
exaone3.5:7.8b,전동일자톱,접톱,왕복톱(레시프로쏘),전동타카,False,-1,False,동력원_명시,RAG_후보_누락,RAG_검색_실패
exaone3.5:7.8b,전동일자톱,접톱,왕복톱(레시프로쏘),전동타카,False,-1,False,동력원_명시,RAG_후보_누락,RAG_검색_실패
exaone3.5:7.8b,전동해머드릴,로터리해머드릴,해머드릴,해머드릴,True,1,False,동력원_명시,LLM_유사공구_오선택,드릴_드라이버_계열_혼동
exaone3.5:7.8b,전정가위,전정톱,전지가위,전지가위,True,1,False,단순명사형,LLM_후보내_오선택,완전_다른_공구_선택
exaone3.5:7.8b,접이식 톱,원형톱,접톱,접톱,True,1,False,단순명사형,LLM_후보내_오선택,완전_다른_공구_선택
exaone3.5:7.8b,조경가위,다목적가위,전지가위,철판가위,True,4,False,단순명사형,LLM_후보내_오선택,완전_다른_공구_선택
exaone3.5:7.8b,집톱,왕복톱(레시프로쏘),접톱,톱,True,2,False,단순명사형,LLM_후보내_오선택,완전_다른_공구_선택
exaone3.5:7.8b,첼라,롱노즈플라이어,워터펌프플라이어,드라이버,False,-1,False,단순명사형,RAG_후보_누락,RAG_검색_실패
exaone3.5:7.8b,첼라,롱노즈플라이어,워터펌프플라이어,드라이버,False,-1,False,단순명사형,RAG_후보_누락,RAG_검색_실패
exaone3.5:7.8b,첼라,롱노즈플라이어,워터펌프플라이어,드라이버,False,-1,False,단순명사형,RAG_후보_누락,RAG_검색_실패
exaone3.5:7.8b,첼라 300,롱노즈플라이어,워터펌프플라이어,플라이어,False,-1,False,단순명사형,RAG_후보_누락,RAG_검색_실패
exaone3.5:7.8b,충전드라이버,충전드릴,전동드라이버,충전임팩트드라이버,True,4,False,동력원_명시,LLM_후보내_오선택,완전_다른_공구_선택
exaone3.5:7.8b,충전송풍기,충전드릴,송풍기,송풍기,True,1,False,동력원_명시,LLM_후보내_오선택,완전_다른_공구_선택
exaone3.5:7.8b,충전햄머드릴,로터리해머드릴,충전해머드릴,충전해머드릴,True,1,False,동력원_명시,LLM_유사공구_오선택,동력원_분류_오류
exaone3.5:7.8b,콤프레셔,에어펌프,에어컴프레서,에어컴프레서,True,1,False,단순명사형,LLM_후보내_오선택,완전_다른_공구_선택
exaone3.5:7.8b,피스제거용비트,드릴비트,피스제거용비트,피스제거용비트,True,1,False,단순명사형,LLM_후보내_오선택,완전_다른_공구_선택
exaone3.5:7.8b,함마,해머드릴,망치,연마석,False,-1,False,일본어_잔재,RAG_후보_누락,RAG_검색_실패
exaone3.5:7.8b,함마드릴,로터리해머드릴,해머드릴,해머드릴,True,1,False,일본어_잔재,LLM_유사공구_오선택,드릴_드라이버_계열_혼동
exaone3.5:7.8b,함석가위,고지가위,철판가위,철판가위,True,1,False,단순명사형,LLM_후보내_오선택,완전_다른_공구_선택
exaone3.5:7.8b,헤라 3인치,육각렌치,스크레퍼,앵글그라인더,False,-1,False,규격_속성_혼입,RAG_후보_누락,RAG_검색_실패
exaone3.5:7.8b,헤라 5인치,육각렌치,스크레퍼,앵글그라인더,False,-1,False,규격_속성_혼입,RAG_후보_누락,RAG_검색_실패
gemma3:4b,보쉬 pushdrive,충전임팩트드라이버,전동드라이버,보안경,False,-1,False,브랜드명_혼입,RAG_후보_누락,RAG_검색_실패
gemma3:4b,(36) 유선햄머전동드릴(콘크리트용),전동드릴,해머드릴,콘크리트용드릴비트,True,5,False,동력원_명시,LLM_유사공구_오선택,동력원_분류_오류
gemma3:4b,(37)드릴날 세트(콘크리트용),콘크리트용드릴비트,콘크리트드릴비트세트,콘크리트용드릴비트,True,2,False,세트_복합,LLM_후보내_오선택,세트_단품_혼동
gemma3:4b,(45)에어펌프(자전거 공기주입기),에어펌프,자전거펌프,자전거펌프,True,1,False,동력원_명시,LLM_후보내_오선택,완전_다른_공구_선택
gemma3:4b,12P 3종 기리세트(육각씽크),육각렌치세트,드릴비트세트,육각렌치세트,True,10,True,세트_복합 | 일본어_잔재 | 모델번호_포함,LLM_후보내_오선택,본체_부속품_혼동
gemma3:4b,13RE,소켓렌치세트,해머드릴,LED투광기,False,-1,False,모델번호_포함,RAG_후보_누락,RAG_검색_실패
gemma3:4b,300mm첼라,앵글그라인더,워터펌프플라이어,플라이어,False,-1,False,모델번호_포함,RAG_후보_누락,RAG_검색_실패
gemma3:4b,4인치 그라인더,샌더,앵글그라인더,앵글그라인더,True,1,False,규격_속성_혼입,LLM_후보내_오선택,완전_다른_공구_선택
gemma3:4b,BOSCH GSB18V-21,LED손전등,충전해머드릴,SDS드릴비트,False,-1,False,브랜드명_혼입 | 규격_속성_혼입 | 모델번호_포함,RAG_후보_누락,RAG_검색_실패
gemma3:4b,BOSCH Professional 전동드라이브,충전임팩트드라이버,전동드라이버,전동드라이버,True,1,False,브랜드명_혼입,LLM_유사공구_오선택,동력원_분류_오류
gemma3:4b,L렌지셋트,옵셋렌치,육각렌치세트,옵셋렌치,True,6,True,세트_복합,LLM_후보내_오선택,세트_단품_혼동
gemma3:4b,L렌치 세트,렌치,육각렌치세트,T렌치세트,True,5,False,세트_복합,LLM_후보내_오선택,세트_단품_혼동
gemma3:4b,L렌치세트,렌치,육각렌치세트,T렌치세트,True,7,False,세트_복합,LLM_후보내_오선택,세트_단품_혼동
gemma3:4b,L렌치세트(9pcs),육각렌치,육각렌치세트,T렌치세트,True,7,False,규격_속성_혼입 | 세트_복합,LLM_후보내_오선택,세트_단품_혼동
gemma3:4b,L형 렌치세트,별렌치세트,육각렌치세트,별렌치세트,True,5,True,세트_복합,LLM_후보내_오선택,완전_다른_공구_선택
gemma3:4b,L형 렌치세트,별렌치세트,육각렌치세트,별렌치세트,True,5,True,세트_복합,LLM_후보내_오선택,완전_다른_공구_선택
gemma3:4b,L형 렌치센트,렌치,육각렌치세트,렌치,True,6,False,단순명사형,LLM_후보내_오선택,세트_단품_혼동
gemma3:4b,usb 충전식 드라이버,충전임팩트드라이버,전동드라이버,충전임팩트드라이버,True,3,True,동력원_명시,LLM_유사공구_오선택,동력원_분류_오류
gemma3:4b,가정용 미니드릴 Set,드릴비트세트,충전드릴,SDS드릴비트,True,6,False,세트_복합,LLM_후보내_오선택,세트_단품_혼동
gemma3:4b,갓다,고지가위,커터,사다리,False,-1,False,단순명사형,RAG_후보_누락,RAG_검색_실패
gemma3:4b,강력절단기,강력니퍼,볼트컷터,고속절단기,True,15,False,단순명사형,LLM_후보내_오선택,완전_다른_공구_선택
gemma3:4b,강력절단기(45cm),강력니퍼,볼트컷터,고속절단기,False,-1,False,규격_속성_혼입 | 모델번호_포함,RAG_후보_누락,RAG_검색_실패
gemma3:4b,겸용드라이버,드라이버,양용드라이버,양용드라이버,True,1,False,단순명사형,LLM_후보내_오선택,완전_다른_공구_선택
gemma3:4b,겸용해머드릴(GBH5-38X),충전해머드릴,해머드릴,해머드릴,True,1,False,규격_속성_혼입 | 모델번호_포함,LLM_유사공구_오선택,동력원_분류_오류
gemma3:4b,고글,안전장갑,보안경,글루건,False,-1,False,단순명사형,RAG_후보_누락,RAG_검색_실패
gemma3:4b,공구함키트박스(디월트),공구함세트,공구함,공구함,True,1,False,브랜드명_혼입 | 세트_복합,LLM_유사공구_오선택,동일계열_공구_혼동
gemma3:4b,기리세트,기어렌치세트,드릴비트세트,세트,True,9,False,세트_복합 | 일본어_잔재,LLM_후보내_오선택,본체_부속품_혼동
gemma3:4b,기리세트(10p),기어렌치세트,드릴비트세트,세트,True,8,False,세트_복합 | 일본어_잔재 | 모델번호_포함,LLM_후보내_오선택,본체_부속품_혼동
gemma3:4b,기리셋트,세트,드릴비트세트,옵셋렌치,False,-1,False,세트_복합 | 일본어_잔재,RAG_후보_누락,RAG_검색_실패
gemma3:4b,나리온 무선 충전 그라인더,충전드릴,앵글그라인더,앵글그라인더,True,1,False,동력원_명시,LLM_후보내_오선택,완전_다른_공구_선택
gemma3:4b,노기스,글루스틱,버니어캘리퍼스,롱노즈플라이어,False,-1,False,일본어_잔재,RAG_후보_누락,RAG_검색_실패
gemma3:4b,디스크 그라인더,샌더,앵글그라인더,앵글그라인더,True,1,False,단순명사형,LLM_후보내_오선택,완전_다른_공구_선택
gemma3:4b,디월트 DCD709L2,LED작업등,충전드릴,LED작업등,False,-1,True,브랜드명_혼입 | 모델번호_포함,RAG_후보_누락,RAG_검색_실패
gemma3:4b,디월트 타카,전동타카,건타카,타카,True,4,False,브랜드명_혼입,LLM_후보내_오선택,완전_다른_공구_선택
gemma3:4b,락킹 플라이어,플라이어,바이스그립플라이어,플라이어,True,8,False,단순명사형,LLM_유사공구_오선택,동일계열_공구_혼동
gemma3:4b,랜턴,드라이버,LED손전등,렌치,False,-1,False,단순명사형,RAG_후보_누락,RAG_검색_실패
gemma3:4b,목공용 접톱,접톱,목공용접톱,목공용접톱,True,1,False,단순명사형,LLM_후보내_오선택,완전_다른_공구_선택
gemma3:4b,목공줄,줄자,목공줄,목공줄,True,1,False,단순명사형,LLM_후보내_오선택,완전_다른_공구_선택
gemma3:4b,미니전동드라이버드릴,전동드릴,전동드라이버,전동드라이버,True,1,False,단순명사형,LLM_후보내_오선택,완전_다른_공구_선택
gemma3:4b,밀워키 M12 BID,드릴비트,충전임팩트드라이버,몽키렌치,False,-1,False,브랜드명_혼입,RAG_후보_누락,RAG_검색_실패
gemma3:4b,보쉬 13RE,렌치,해머드릴,보안경,False,-1,False,브랜드명_혼입 | 모델번호_포함,RAG_후보_누락,RAG_검색_실패
gemma3:4b,보쉬멀티기리세트,공구세트,드릴비트세트,멀티테스터,False,-1,False,브랜드명_혼입 | 세트_복합 | 일본어_잔재,RAG_후보_누락,RAG_검색_실패
gemma3:4b,보쉬해머드릴,충전해머드릴,해머드릴,해머드릴,True,1,False,브랜드명_혼입,LLM_유사공구_오선택,동력원_분류_오류
gemma3:4b,복스세트,육각렌치세트,소켓렌치세트,다이스세트,False,-1,False,세트_복합,RAG_후보_누락,RAG_검색_실패
gemma3:4b,빠루,빠루망치,쇠지렛대,빠루망치,False,-1,False,일본어_잔재,RAG_후보_누락,RAG_검색_실패
gemma3:4b,뺀찌,볼렌치세트,펜치,핀펀치,True,15,False,단순명사형,LLM_후보내_오선택,세트_단품_혼동
gemma3:4b,손타카,타카,손타카,손타카,True,1,False,단순명사형,LLM_후보내_오선택,완전_다른_공구_선택
gemma3:4b,손타카,타카,손타카,손타카,True,1,False,단순명사형,LLM_후보내_오선택,완전_다른_공구_선택
gemma3:4b,수평대(디월트),디지털수평기,수평기,수평기,True,1,False,브랜드명_혼입,LLM_후보내_오선택,완전_다른_공구_선택
gemma3:4b,전기해머드릴,전동드릴,해머드릴,해머드릴,True,1,False,동력원_명시,LLM_유사공구_오선택,동력원_분류_오류
gemma3:4b,전기헤머드릴,전동드릴,해머드릴,해머드릴,True,1,False,동력원_명시,LLM_유사공구_오선택,동력원_분류_오류
gemma3:4b,전동드릴(보쉬 GSR14.4-2),전동드릴,충전드릴,전동드릴,True,3,False,브랜드명_혼입 | 규격_속성_혼입 | 모델번호_포함,LLM_유사공구_오선택,동력원_분류_오류
gemma3:4b,전동일자톱,전동타카,왕복톱(레시프로쏘),전동타카,False,-1,True,동력원_명시,RAG_후보_누락,RAG_검색_실패
gemma3:4b,전동일자톱,전동타카,왕복톱(레시프로쏘),전동타카,False,-1,True,동력원_명시,RAG_후보_누락,RAG_검색_실패
gemma3:4b,전동해머드릴,충전해머드릴,해머드릴,해머드릴,True,1,False,동력원_명시,LLM_유사공구_오선택,동력원_분류_오류
gemma3:4b,전정가위,전정톱,전지가위,전지가위,True,1,False,단순명사형,LLM_후보내_오선택,완전_다른_공구_선택
gemma3:4b,조경가위,고지가위,전지가위,철판가위,True,4,False,단순명사형,LLM_후보내_오선택,완전_다른_공구_선택
gemma3:4b,집톱,톱,접톱,톱,True,2,False,단순명사형,LLM_후보내_오선택,완전_다른_공구_선택
gemma3:4b,철기리,철판가위,철공용드릴비트,철판가위,True,3,False,일본어_잔재,LLM_후보내_오선택,본체_부속품_혼동
gemma3:4b,철판드릴비트,철판가위,철공용드릴비트,철공용드릴비트,True,1,False,단순명사형,LLM_후보내_오선택,본체_부속품_혼동
gemma3:4b,첼라,플라이어,워터펌프플라이어,드라이버,False,-1,False,단순명사형,RAG_후보_누락,RAG_검색_실패
gemma3:4b,첼라,플라이어,워터펌프플라이어,드라이버,False,-1,False,단순명사형,RAG_후보_누락,RAG_검색_실패
gemma3:4b,첼라,플라이어,워터펌프플라이어,드라이버,False,-1,False,단순명사형,RAG_후보_누락,RAG_검색_실패
gemma3:4b,첼라 300,플라이어,워터펌프플라이어,플라이어,False,-1,True,단순명사형,RAG_후보_누락,RAG_검색_실패
gemma3:4b,충전 그라인더,충전드릴,앵글그라인더,앵글그라인더,True,1,False,동력원_명시,LLM_후보내_오선택,완전_다른_공구_선택
gemma3:4b,충전드라이버,충전드릴,전동드라이버,충전임팩트드라이버,True,4,False,동력원_명시,LLM_후보내_오선택,완전_다른_공구_선택
gemma3:4b,함마,연마석,망치,연마석,False,-1,True,일본어_잔재,RAG_후보_누락,RAG_검색_실패
gemma3:4b,함석가위,고지가위,철판가위,철판가위,True,1,False,단순명사형,LLM_후보내_오선택,완전_다른_공구_선택
gemma3:4b,헤라 3인치,플라이어,스크레퍼,앵글그라인더,False,-1,False,규격_속성_혼입,RAG_후보_누락,RAG_검색_실패
gemma3:4b,헤라 5인치,펜치,스크레퍼,앵글그라인더,False,-1,False,규격_속성_혼입,RAG_후보_누락,RAG_검색_실패
gemma4:e2b,바이스플라이어,플라이어,바이스그립플라이어,바이스그립플라이어,True,1,False,일본어_잔재 | 오탈자_의심,LLM_유사공구_오선택,동일계열_공구_혼동
gemma4:e2b,보쉬 pushdrive,임팩트드라이버,전동드라이버,보안경,False,-1,False,브랜드명_혼입,RAG_후보_누락,RAG_검색_실패
gemma4:e2b,"전동드릴(무선, 보쉬)",전동드릴,충전드릴,전동드릴,True,3,False,브랜드명_혼입 | 동력원_명시,LLM_유사공구_오선택,동력원_분류_오류
gemma4:e2b,(37)드릴날 세트(콘크리트용),콘크리트용드릴비트,콘크리트드릴비트세트,콘크리트용드릴비트,True,2,False,세트_복합,LLM_후보내_오선택,세트_단품_혼동
gemma4:e2b,(40)철기리 세트,공구세트,철공용드릴비트세트,세트,True,3,False,세트_복합 | 일본어_잔재,LLM_후보내_오선택,본체_부속품_혼동
gemma4:e2b,(45)에어펌프(자전거 공기주입기),에어펌프,자전거펌프,자전거펌프,True,1,False,동력원_명시,LLM_후보내_오선택,완전_다른_공구_선택
gemma4:e2b,12P 3종 기리세트(육각씽크),육각렌치세트,드릴비트세트,육각렌치세트,True,10,False,세트_복합 | 일본어_잔재 | 모델번호_포함,LLM_후보내_오선택,본체_부속품_혼동
gemma4:e2b,13RE,망치,해머드릴,LED투광기,False,-1,False,모델번호_포함,RAG_후보_누락,RAG_검색_실패
gemma4:e2b,300mm첼라,플라이어,워터펌프플라이어,플라이어,False,-1,False,모델번호_포함,RAG_후보_누락,RAG_검색_실패
gemma4:e2b,A형 4단 사다리,사다리,A형사다리,A형사다리,True,1,False,단순명사형,LLM_후보내_오선택,완전_다른_공구_선택
gemma4:e2b,A형 사다리,사다리,A형사다리,A형사다리,True,1,False,단순명사형,LLM_후보내_오선택,완전_다른_공구_선택
gemma4:e2b,A형사다리(1.45M),사다리,A형사다리,A형사다리,True,1,False,규격_속성_혼입 | 모델번호_포함,LLM_후보내_오선택,완전_다른_공구_선택
gemma4:e2b,BOSCH GSB18V-21,SDS드릴비트,충전해머드릴,SDS드릴비트,False,-1,True,브랜드명_혼입 | 규격_속성_혼입 | 모델번호_포함,RAG_후보_누락,RAG_검색_실패
gemma4:e2b,BOSCH 엑세서리 드릴 세트,공구세트,드릴비트세트,드릴비트세트,True,1,False,브랜드명_혼입 | 세트_복합,LLM_후보내_오선택,본체_부속품_혼동
gemma4:e2b,L렌지세트,T렌치세트,육각렌치세트,T렌치세트,True,5,True,세트_복합,LLM_후보내_오선택,완전_다른_공구_선택
gemma4:e2b,L렌지셋트,세트,육각렌치세트,옵셋렌치,True,6,False,세트_복합,LLM_후보내_오선택,완전_다른_공구_선택
gemma4:e2b,L렌치 세트,T렌치세트,육각렌치세트,T렌치세트,True,5,True,세트_복합,LLM_후보내_오선택,완전_다른_공구_선택
gemma4:e2b,L렌치세트,T렌치세트,육각렌치세트,T렌치세트,True,7,True,세트_복합,LLM_후보내_오선택,완전_다른_공구_선택
gemma4:e2b,L렌치세트(9pcs),T렌치세트,육각렌치세트,T렌치세트,True,7,True,규격_속성_혼입 | 세트_복합,LLM_후보내_오선택,완전_다른_공구_선택
gemma4:e2b,L형 렌치세트,별렌치세트,육각렌치세트,별렌치세트,True,5,True,세트_복합,LLM_후보내_오선택,완전_다른_공구_선택
gemma4:e2b,L형 렌치세트,별렌치세트,육각렌치세트,별렌치세트,True,5,True,세트_복합,LLM_후보내_오선택,완전_다른_공구_선택
gemma4:e2b,L형 렌치센트,렌치,육각렌치세트,렌치,True,6,False,단순명사형,LLM_후보내_오선택,세트_단품_혼동
gemma4:e2b,usb 충전식 드라이버,충전임팩트드라이버,전동드라이버,충전임팩트드라이버,True,3,False,동력원_명시,LLM_유사공구_오선택,동력원_분류_오류
gemma4:e2b,가정용 미니드릴 Set,드릴비트세트,충전드릴,SDS드릴비트,True,6,False,세트_복합,LLM_후보내_오선택,세트_단품_혼동
gemma4:e2b,가정용 소형 드릴,드릴비트,전동드릴,전동드릴,True,1,False,단순명사형,LLM_후보내_오선택,본체_부속품_혼동
gemma4:e2b,갓다,다목적가위,커터,사다리,False,-1,False,단순명사형,RAG_후보_누락,RAG_검색_실패
gemma4:e2b,강력니퍼,니퍼,강력니퍼,강력니퍼,True,1,False,단순명사형,LLM_후보내_오선택,완전_다른_공구_선택
gemma4:e2b,강력절단기,절단석,볼트컷터,고속절단기,True,15,False,단순명사형,LLM_후보내_오선택,완전_다른_공구_선택
gemma4:e2b,강력절단기(45cm),고속절단기,볼트컷터,고속절단기,False,-1,False,규격_속성_혼입 | 모델번호_포함,RAG_후보_누락,RAG_검색_실패
gemma4:e2b,건타카,타카,건타카,건타카,True,1,False,단순명사형,LLM_후보내_오선택,완전_다른_공구_선택
gemma4:e2b,검전드라이버,드라이버,검전기,드라이버,True,3,False,단순명사형,LLM_후보내_오선택,완전_다른_공구_선택
gemma4:e2b,겸용드라이버,드라이버,양용드라이버,양용드라이버,True,1,False,단순명사형,LLM_후보내_오선택,완전_다른_공구_선택
gemma4:e2b,고글,글루건,보안경,글루건,False,-1,True,단순명사형,RAG_후보_누락,RAG_검색_실패
gemma4:e2b,고무망치,망치,고무망치,고무망치,True,1,False,단순명사형,LLM_후보내_오선택,완전_다른_공구_선택
gemma4:e2b,기리세트,공구세트,드릴비트세트,세트,True,9,False,세트_복합 | 일본어_잔재,LLM_후보내_오선택,본체_부속품_혼동
gemma4:e2b,기리세트(10p),공구세트,드릴비트세트,세트,True,8,False,세트_복합 | 일본어_잔재 | 모델번호_포함,LLM_후보내_오선택,본체_부속품_혼동
gemma4:e2b,기리셋트,세트,드릴비트세트,옵셋렌치,False,-1,False,세트_복합 | 일본어_잔재,RAG_후보_누락,RAG_검색_실패
gemma4:e2b,나무톱,톱,목공톱,톱,True,3,False,단순명사형,LLM_후보내_오선택,완전_다른_공구_선택
gemma4:e2b,노기스,다이스세트,버니어캘리퍼스,롱노즈플라이어,False,-1,False,일본어_잔재,RAG_후보_누락,RAG_검색_실패
gemma4:e2b,드릴(무선),전동드릴,충전드릴,전동드릴,True,2,False,동력원_명시,LLM_유사공구_오선택,동력원_분류_오류
gemma4:e2b,디월트 DCD709L2,드릴비트,충전드릴,LED작업등,False,-1,False,브랜드명_혼입 | 모델번호_포함,RAG_후보_누락,RAG_검색_실패
gemma4:e2b,디월트 타카,타카,건타카,타카,True,4,False,브랜드명_혼입,LLM_후보내_오선택,완전_다른_공구_선택
gemma4:e2b,락킹 플라이어,플라이어,바이스그립플라이어,플라이어,True,8,False,단순명사형,LLM_유사공구_오선택,동일계열_공구_혼동
gemma4:e2b,랜턴,렌치,LED손전등,렌치,False,-1,True,단순명사형,RAG_후보_누락,RAG_검색_실패
gemma4:e2b,망치/함마/장도리,장도리,망치,장도리,True,2,True,세트_복합 | 일본어_잔재,LLM_후보내_오선택,완전_다른_공구_선택
gemma4:e2b,매직렌치,렌치,만능렌치,렌치,True,2,False,단순명사형,LLM_후보내_오선택,완전_다른_공구_선택
gemma4:e2b,목공용 접톱,접톱,목공용접톱,목공용접톱,True,1,False,단순명사형,LLM_후보내_오선택,완전_다른_공구_선택
gemma4:e2b,밀워키 M12 BID,드릴비트,충전임팩트드라이버,몽키렌치,False,-1,False,브랜드명_혼입,RAG_후보_누락,RAG_검색_실패
gemma4:e2b,바이스 플라이어,플라이어,바이스그립플라이어,바이스그립플라이어,True,1,False,일본어_잔재,LLM_유사공구_오선택,동일계열_공구_혼동
gemma4:e2b,바이스플라이어,플라이어,바이스그립플라이어,바이스그립플라이어,True,1,False,일본어_잔재 | 오탈자_의심,LLM_유사공구_오선택,동일계열_공구_혼동
gemma4:e2b,바이스플라이어,플라이어,바이스그립플라이어,바이스그립플라이어,True,1,False,일본어_잔재 | 오탈자_의심,LLM_유사공구_오선택,동일계열_공구_혼동
gemma4:e2b,보쉬 13RE,렌치,해머드릴,보안경,False,-1,False,브랜드명_혼입 | 모델번호_포함,RAG_후보_누락,RAG_검색_실패
gemma4:e2b,보쉬멀티기리세트,멀티테스터,드릴비트세트,멀티테스터,False,-1,False,브랜드명_혼입 | 세트_복합 | 일본어_잔재,RAG_후보_누락,RAG_검색_실패
gemma4:e2b,복스세트,공구세트,소켓렌치세트,다이스세트,False,-1,False,세트_복합,RAG_후보_누락,RAG_검색_실패
gemma4:e2b,빠루,빠루망치,쇠지렛대,빠루망치,False,-1,False,일본어_잔재,RAG_후보_누락,RAG_검색_실패
gemma4:e2b,빠루망치,망치,빠루망치,빠루망치,True,1,False,일본어_잔재,LLM_후보내_오선택,완전_다른_공구_선택
gemma4:e2b,빠루망치,망치,빠루망치,빠루망치,True,1,False,일본어_잔재,LLM_후보내_오선택,완전_다른_공구_선택
gemma4:e2b,손타카,타카,손타카,손타카,True,1,False,단순명사형,LLM_후보내_오선택,완전_다른_공구_선택
gemma4:e2b,손타카,타카,손타카,손타카,True,1,False,단순명사형,LLM_후보내_오선택,완전_다른_공구_선택
gemma4:e2b,실리콘건,글루건,실리콘건,실리콘건,True,1,False,단순명사형,LLM_후보내_오선택,완전_다른_공구_선택
gemma4:e2b,실리콘건,글루건,실리콘건,실리콘건,True,1,False,단순명사형,LLM_후보내_오선택,완전_다른_공구_선택
gemma4:e2b,아임삭 콤보드릴,전동드릴,충전드릴,임팩트드릴,True,4,False,브랜드명_혼입,LLM_유사공구_오선택,동력원_분류_오류
gemma4:e2b,워터펌프플라이어,플라이어,워터펌프플라이어,워터펌프플라이어,True,1,False,단순명사형,LLM_유사공구_오선택,동일계열_공구_혼동
gemma4:e2b,전동 무선드릴,전동드릴,충전드릴,전동드릴,True,3,False,동력원_명시,LLM_유사공구_오선택,동력원_분류_오류
gemma4:e2b,전동드릴(무선),전동드릴,충전드릴,전동드릴,True,4,False,동력원_명시,LLM_유사공구_오선택,동력원_분류_오류
gemma4:e2b,전동드릴(보쉬 GSR14.4-2),전동드릴,충전드릴,전동드릴,True,3,False,브랜드명_혼입 | 규격_속성_혼입 | 모델번호_포함,LLM_유사공구_오선택,동력원_분류_오류
gemma4:e2b,전동일자톱,톱,왕복톱(레시프로쏘),전동타카,False,-1,False,동력원_명시,RAG_후보_누락,RAG_검색_실패
gemma4:e2b,전동일자톱,톱,왕복톱(레시프로쏘),전동타카,False,-1,False,동력원_명시,RAG_후보_누락,RAG_검색_실패
gemma4:e2b,전동타카,타카,전동타카,전동타카,True,1,False,동력원_명시,LLM_후보내_오선택,완전_다른_공구_선택
gemma4:e2b,전정가위,전정톱,전지가위,전지가위,True,1,False,단순명사형,LLM_후보내_오선택,완전_다른_공구_선택
gemma4:e2b,접이식 톱,톱,접톱,접톱,True,1,False,단순명사형,LLM_후보내_오선택,완전_다른_공구_선택
gemma4:e2b,조경가위,고지가위,전지가위,철판가위,True,4,False,단순명사형,LLM_후보내_오선택,완전_다른_공구_선택
gemma4:e2b,집톱,톱,접톱,톱,True,2,False,단순명사형,LLM_후보내_오선택,완전_다른_공구_선택
gemma4:e2b,철기리,철판가위,철공용드릴비트,철판가위,True,3,False,일본어_잔재,LLM_후보내_오선택,본체_부속품_혼동
gemma4:e2b,첼라,플라이어,워터펌프플라이어,드라이버,False,-1,False,단순명사형,RAG_후보_누락,RAG_검색_실패
gemma4:e2b,첼라,플라이어,워터펌프플라이어,드라이버,False,-1,False,단순명사형,RAG_후보_누락,RAG_검색_실패
gemma4:e2b,첼라,플라이어,워터펌프플라이어,드라이버,False,-1,False,단순명사형,RAG_후보_누락,RAG_검색_실패
gemma4:e2b,첼라 300,플라이어,워터펌프플라이어,플라이어,False,-1,False,단순명사형,RAG_후보_누락,RAG_검색_실패
gemma4:e2b,충전드라이버,충전임팩트드라이버,전동드라이버,충전임팩트드라이버,True,4,True,동력원_명시,LLM_유사공구_오선택,동력원_분류_오류
gemma4:e2b,충전함마드릴(디월트),해머드릴,충전해머드릴,충전드릴,True,2,False,브랜드명_혼입 | 동력원_명시 | 일본어_잔재,LLM_유사공구_오선택,동력원_분류_오류
gemma4:e2b,충전해머드릴,해머드릴,충전해머드릴,충전해머드릴,True,1,False,동력원_명시,LLM_유사공구_오선택,동력원_분류_오류
gemma4:e2b,톱(접이식),톱,접톱,접톱,True,1,False,단순명사형,LLM_후보내_오선택,완전_다른_공구_선택
gemma4:e2b,함마,해머드릴,망치,연마석,False,-1,False,일본어_잔재,RAG_후보_누락,RAG_검색_실패
gemma4:e2b,함마드릴,임팩트드릴,해머드릴,해머드릴,True,1,False,일본어_잔재,LLM_유사공구_오선택,드릴_드라이버_계열_혼동
gemma4:e2b,헤라 3인치,육각렌치,스크레퍼,앵글그라인더,False,-1,False,규격_속성_혼입,RAG_후보_누락,RAG_검색_실패
gemma4:e2b,헤라 5인치,육각렌치,스크레퍼,앵글그라인더,False,-1,False,규격_속성_혼입,RAG_후보_누락,RAG_검색_실패
gemma4:e4b,보쉬 pushdrive,충전임팩트드라이버,전동드라이버,보안경,False,-1,False,브랜드명_혼입,RAG_후보_누락,RAG_검색_실패
gemma4:e4b,"전동드릴(무선, 보쉬)",전동드릴,충전드릴,전동드릴,True,3,False,브랜드명_혼입 | 동력원_명시,LLM_유사공구_오선택,동력원_분류_오류
gemma4:e4b,(45)에어펌프(자전거 공기주입기),에어펌프,자전거펌프,자전거펌프,True,1,False,동력원_명시,LLM_후보내_오선택,완전_다른_공구_선택
gemma4:e4b,12P 3종 기리세트(육각씽크),육각렌치세트,드릴비트세트,육각렌치세트,True,10,False,세트_복합 | 일본어_잔재 | 모델번호_포함,LLM_후보내_오선택,본체_부속품_혼동
gemma4:e4b,13RE,LED투광기,해머드릴,LED투광기,False,-1,True,모델번호_포함,RAG_후보_누락,RAG_검색_실패
gemma4:e4b,300mm첼라,플라이어,워터펌프플라이어,플라이어,False,-1,True,모델번호_포함,RAG_후보_누락,RAG_검색_실패
gemma4:e4b,BOSCH GSB18V-21,왕복톱(레시프로쏘),충전해머드릴,SDS드릴비트,False,-1,False,브랜드명_혼입 | 규격_속성_혼입 | 모델번호_포함,RAG_후보_누락,RAG_검색_실패
gemma4:e4b,BOSCH 엑세서리 드릴 세트,공구세트,드릴비트세트,드릴비트세트,True,1,False,브랜드명_혼입 | 세트_복합,LLM_후보내_오선택,본체_부속품_혼동
gemma4:e4b,LED랜턴,LED작업등,LED손전등,LED손전등,True,1,False,단순명사형,LLM_후보내_오선택,완전_다른_공구_선택
gemma4:e4b,L렌지세트,볼렌치세트,육각렌치세트,T렌치세트,True,5,False,세트_복합,LLM_후보내_오선택,완전_다른_공구_선택
gemma4:e4b,L렌치 세트,렌치,육각렌치세트,T렌치세트,True,5,False,세트_복합,LLM_후보내_오선택,세트_단품_혼동
gemma4:e4b,L렌치세트,렌치,육각렌치세트,T렌치세트,True,7,False,세트_복합,LLM_후보내_오선택,세트_단품_혼동
gemma4:e4b,L렌치세트(9pcs),렌치,육각렌치세트,T렌치세트,True,7,False,규격_속성_혼입 | 세트_복합,LLM_후보내_오선택,세트_단품_혼동
gemma4:e4b,L형 렌치세트,렌치,육각렌치세트,별렌치세트,True,5,False,세트_복합,LLM_후보내_오선택,세트_단품_혼동
gemma4:e4b,L형 렌치세트,렌치,육각렌치세트,별렌치세트,True,5,False,세트_복합,LLM_후보내_오선택,세트_단품_혼동
gemma4:e4b,L형 렌치센트,렌치,육각렌치세트,렌치,True,6,False,단순명사형,LLM_후보내_오선택,세트_단품_혼동
gemma4:e4b,가정용 미니드릴 Set,드릴비트세트,충전드릴,SDS드릴비트,True,6,False,세트_복합,LLM_후보내_오선택,세트_단품_혼동
gemma4:e4b,갓다,손타카,커터,사다리,False,-1,False,단순명사형,RAG_후보_누락,RAG_검색_실패
gemma4:e4b,강력절단기,고속절단기,볼트컷터,고속절단기,True,15,False,단순명사형,LLM_후보내_오선택,완전_다른_공구_선택
gemma4:e4b,강력절단기(45cm),커터,볼트컷터,고속절단기,False,-1,False,규격_속성_혼입 | 모델번호_포함,RAG_후보_누락,RAG_검색_실패
gemma4:e4b,겸용드라이버,드라이버,양용드라이버,양용드라이버,True,1,False,단순명사형,LLM_후보내_오선택,완전_다른_공구_선택
gemma4:e4b,고글,안전장갑,보안경,글루건,False,-1,False,단순명사형,RAG_후보_누락,RAG_검색_실패
gemma4:e4b,기리세트,공구세트,드릴비트세트,세트,True,9,False,세트_복합 | 일본어_잔재,LLM_후보내_오선택,본체_부속품_혼동
gemma4:e4b,기리세트(10p),비트세트,드릴비트세트,세트,True,8,False,세트_복합 | 일본어_잔재 | 모델번호_포함,LLM_후보내_오선택,완전_다른_공구_선택
gemma4:e4b,기리셋트,비트세트,드릴비트세트,옵셋렌치,False,-1,False,세트_복합 | 일본어_잔재,RAG_후보_누락,RAG_검색_실패
gemma4:e4b,나무톱,톱,목공톱,톱,True,3,False,단순명사형,LLM_후보내_오선택,완전_다른_공구_선택
gemma4:e4b,노기스,롱노즈플라이어,버니어캘리퍼스,롱노즈플라이어,False,-1,True,일본어_잔재,RAG_후보_누락,RAG_검색_실패
gemma4:e4b,디월트 DCD709L2,드릴비트,충전드릴,LED작업등,False,-1,False,브랜드명_혼입 | 모델번호_포함,RAG_후보_누락,RAG_검색_실패
gemma4:e4b,디월트 타카,타카,건타카,타카,True,4,False,브랜드명_혼입,LLM_후보내_오선택,완전_다른_공구_선택
gemma4:e4b,랜턴,렌치,LED손전등,렌치,False,-1,True,단순명사형,RAG_후보_누락,RAG_검색_실패
gemma4:e4b,목공용 접톱,접톱,목공용접톱,목공용접톱,True,1,False,단순명사형,LLM_후보내_오선택,완전_다른_공구_선택
gemma4:e4b,밀워키 M12 BID,드릴비트,충전임팩트드라이버,몽키렌치,False,-1,False,브랜드명_혼입,RAG_후보_누락,RAG_검색_실패
gemma4:e4b,보쉬멀티기리세트,비트세트,드릴비트세트,멀티테스터,False,-1,False,브랜드명_혼입 | 세트_복합 | 일본어_잔재,RAG_후보_누락,RAG_검색_실패
gemma4:e4b,복스세트,공구세트,소켓렌치세트,다이스세트,False,-1,False,세트_복합,RAG_후보_누락,RAG_검색_실패
gemma4:e4b,빠루,빠루망치,쇠지렛대,빠루망치,False,-1,False,일본어_잔재,RAG_후보_누락,RAG_검색_실패
gemma4:e4b,아임삭 콤보드릴,전동드릴,충전드릴,임팩트드릴,True,4,False,브랜드명_혼입,LLM_유사공구_오선택,동력원_분류_오류
gemma4:e4b,전동드릴(보쉬 GSR14.4-2),전동드릴,충전드릴,전동드릴,True,3,False,브랜드명_혼입 | 규격_속성_혼입 | 모델번호_포함,LLM_유사공구_오선택,동력원_분류_오류
gemma4:e4b,전동일자톱,톱,왕복톱(레시프로쏘),전동타카,False,-1,False,동력원_명시,RAG_후보_누락,RAG_검색_실패
gemma4:e4b,전동일자톱,톱,왕복톱(레시프로쏘),전동타카,False,-1,False,동력원_명시,RAG_후보_누락,RAG_검색_실패
gemma4:e4b,전정가위,전정톱,전지가위,전지가위,True,1,False,단순명사형,LLM_후보내_오선택,완전_다른_공구_선택
gemma4:e4b,집톱,톱,접톱,톱,True,2,False,단순명사형,LLM_후보내_오선택,완전_다른_공구_선택
gemma4:e4b,철기리,콘크리트니퍼,철공용드릴비트,철판가위,True,3,False,일본어_잔재,LLM_후보내_오선택,본체_부속품_혼동
gemma4:e4b,철판드릴비트,드릴비트,철공용드릴비트,철공용드릴비트,True,1,False,단순명사형,LLM_유사공구_오선택,드릴_드라이버_계열_혼동
gemma4:e4b,첼라,드라이버,워터펌프플라이어,드라이버,False,-1,True,단순명사형,RAG_후보_누락,RAG_검색_실패
gemma4:e4b,첼라,드라이버,워터펌프플라이어,드라이버,False,-1,True,단순명사형,RAG_후보_누락,RAG_검색_실패
gemma4:e4b,첼라,드라이버,워터펌프플라이어,드라이버,False,-1,True,단순명사형,RAG_후보_누락,RAG_검색_실패
gemma4:e4b,첼라 300,플라이어,워터펌프플라이어,플라이어,False,-1,False,단순명사형,RAG_후보_누락,RAG_검색_실패
gemma4:e4b,함마,해머드릴,망치,연마석,False,-1,False,일본어_잔재,RAG_후보_누락,RAG_검색_실패
gemma4:e4b,함마드릴,충전해머드릴,해머드릴,해머드릴,True,1,False,일본어_잔재,LLM_유사공구_오선택,동력원_분류_오류
gemma4:e4b,함석가위,전지가위,철판가위,철판가위,True,1,False,단순명사형,LLM_후보내_오선택,완전_다른_공구_선택
gemma4:e4b,헤라 3인치,앵글그라인더,스크레퍼,앵글그라인더,False,-1,True,규격_속성_혼입,RAG_후보_누락,RAG_검색_실패
gemma4:e4b,헤라 5인치,앵글그라인더,스크레퍼,앵글그라인더,False,-1,True,규격_속성_혼입,RAG_후보_누락,RAG_검색_실패
granite4.1:3b,바이스플라이어,플라이어,바이스그립플라이어,바이스그립플라이어,True,1,False,일본어_잔재 | 오탈자_의심,LLM_유사공구_오선택,동일계열_공구_혼동
granite4.1:3b,보쉬 pushdrive,보안경,전동드라이버,보안경,False,-1,True,브랜드명_혼입,RAG_후보_누락,RAG_검색_실패
granite4.1:3b,보쉬 수공구세트,전동공구세트,공구세트,공구세트,True,1,False,브랜드명_혼입 | 세트_복합,LLM_유사공구_오선택,동력원_분류_오류
granite4.1:3b,"전동드릴(무선, 보쉬)",전동드릴,충전드릴,전동드릴,True,3,False,브랜드명_혼입 | 동력원_명시,LLM_유사공구_오선택,동력원_분류_오류
granite4.1:3b,(37)드릴날 세트(콘크리트용),콘크리트용드릴비트,콘크리트드릴비트세트,콘크리트용드릴비트,True,2,True,세트_복합,LLM_후보내_오선택,세트_단품_혼동
granite4.1:3b,(54)미니충전전동드릴,전동드릴,충전드릴,전동드릴,True,2,False,동력원_명시,LLM_유사공구_오선택,동력원_분류_오류
granite4.1:3b,12P 3종 기리세트(육각씽크),육각렌치세트,드릴비트세트,육각렌치세트,True,10,False,세트_복합 | 일본어_잔재 | 모델번호_포함,LLM_후보내_오선택,본체_부속품_혼동
granite4.1:3b,13RE,LED투광기,해머드릴,LED투광기,False,-1,True,모델번호_포함,RAG_후보_누락,RAG_검색_실패
granite4.1:3b,18V 밧데리(디월트),드릴비트세트,배터리팩,PVC컷터,True,5,False,브랜드명_혼입 | 규격_속성_혼입 | 모델번호_포함,LLM_후보내_오선택,세트_단품_혼동
granite4.1:3b,2단 사다리,A형사다리,사다리,사다리,True,1,False,단순명사형,LLM_후보내_오선택,완전_다른_공구_선택
granite4.1:3b,2단사다리,A형사다리,사다리,사다리,True,1,False,단순명사형,LLM_후보내_오선택,완전_다른_공구_선택
granite4.1:3b,300mm첼라,플라이어,워터펌프플라이어,플라이어,False,-1,True,모델번호_포함,RAG_후보_누락,RAG_검색_실패
granite4.1:3b,30M 작업닐선,목공줄,전선릴,LED작업등,True,2,False,규격_속성_혼입 | 모델번호_포함,LLM_후보내_오선택,완전_다른_공구_선택
granite4.1:3b,30m 줄자,목공줄,줄자,줄자,True,1,False,규격_속성_혼입 | 모델번호_포함,LLM_후보내_오선택,완전_다른_공구_선택
granite4.1:3b,3단 사다리,A형사다리,사다리,사다리,True,1,False,단순명사형,LLM_후보내_오선택,완전_다른_공구_선택
granite4.1:3b,3단 사다리(접이식),A형사다리,사다리,사다리,True,1,False,단순명사형,LLM_후보내_오선택,완전_다른_공구_선택
granite4.1:3b,3단사다리,A형사다리,사다리,사다리,True,1,False,단순명사형,LLM_후보내_오선택,완전_다른_공구_선택
granite4.1:3b,4구 코드릴,전동드릴,전선릴,충전드릴,True,14,False,단순명사형,LLM_후보내_오선택,완전_다른_공구_선택
granite4.1:3b,4단 사다리,A형사다리,사다리,사다리,True,1,False,단순명사형,LLM_후보내_오선택,완전_다른_공구_선택
granite4.1:3b,4단사다리,A형사다리,사다리,사다리,True,1,False,단순명사형,LLM_후보내_오선택,완전_다른_공구_선택
granite4.1:3b,5단 사다리,A형사다리,사다리,사다리,True,1,False,단순명사형,LLM_후보내_오선택,완전_다른_공구_선택
granite4.1:3b,8인치 펜치,렌치,펜치,펜치,True,1,False,규격_속성_혼입,LLM_후보내_오선택,완전_다른_공구_선택
granite4.1:3b,A형 4단 사다리,사다리,A형사다리,A형사다리,True,1,False,단순명사형,LLM_후보내_오선택,완전_다른_공구_선택
granite4.1:3b,A형 사다리,사다리,A형사다리,A형사다리,True,1,False,단순명사형,LLM_후보내_오선택,완전_다른_공구_선택
granite4.1:3b,A형사다리(1.45M),사다리,A형사다리,A형사다리,True,1,False,규격_속성_혼입 | 모델번호_포함,LLM_후보내_오선택,완전_다른_공구_선택
granite4.1:3b,BOSCH GSB18V-21,고속절단기,충전해머드릴,SDS드릴비트,False,-1,False,브랜드명_혼입 | 규격_속성_혼입 | 모델번호_포함,RAG_후보_누락,RAG_검색_실패
granite4.1:3b,BOSCH 엑세서리 드릴 세트,드라이버세트,드릴비트세트,드릴비트세트,True,1,False,브랜드명_혼입 | 세트_복합,LLM_후보내_오선택,본체_부속품_혼동
granite4.1:3b,F 클램프,클램프미터,F클램프,F클램프,True,1,False,단순명사형,LLM_후보내_오선택,완전_다른_공구_선택
granite4.1:3b,LED 투광기,LED작업등,LED투광기,LED투광기,True,1,False,단순명사형,LLM_후보내_오선택,완전_다른_공구_선택
granite4.1:3b,LS사다리(3단),A형사다리,사다리,사다리,True,1,False,단순명사형,LLM_후보내_오선택,완전_다른_공구_선택
granite4.1:3b,L렌지세트,T렌치세트,육각렌치세트,T렌치세트,True,5,True,세트_복합,LLM_후보내_오선택,완전_다른_공구_선택
granite4.1:3b,L렌지셋트,T렌치세트,육각렌치세트,옵셋렌치,True,6,False,세트_복합,LLM_후보내_오선택,완전_다른_공구_선택
granite4.1:3b,L렌치 세트,T렌치세트,육각렌치세트,T렌치세트,True,5,True,세트_복합,LLM_후보내_오선택,완전_다른_공구_선택
granite4.1:3b,L렌치세트,T렌치세트,육각렌치세트,T렌치세트,True,7,True,세트_복합,LLM_후보내_오선택,완전_다른_공구_선택
granite4.1:3b,L렌치세트(9pcs),T렌치세트,육각렌치세트,T렌치세트,True,7,True,규격_속성_혼입 | 세트_복합,LLM_후보내_오선택,완전_다른_공구_선택
granite4.1:3b,L형 렌치세트,별렌치세트,육각렌치세트,별렌치세트,True,5,True,세트_복합,LLM_후보내_오선택,완전_다른_공구_선택
granite4.1:3b,L형 렌치세트,별렌치세트,육각렌치세트,별렌치세트,True,5,True,세트_복합,LLM_후보내_오선택,완전_다른_공구_선택
granite4.1:3b,L형 렌치센트,렌치,육각렌치세트,렌치,True,6,False,단순명사형,LLM_후보내_오선택,세트_단품_혼동
granite4.1:3b,PVC카타,전동타카,PVC컷터,PVC컷터,True,1,False,단순명사형,LLM_후보내_오선택,완전_다른_공구_선택
granite4.1:3b,PVC커타,전동타카,PVC컷터,PVC컷터,True,1,False,단순명사형,LLM_후보내_오선택,완전_다른_공구_선택
granite4.1:3b,SB 수평,레이저수평기,수평기,수평기,True,1,False,단순명사형,LLM_유사공구_오선택,동일계열_공구_혼동
granite4.1:3b,T핸드 드라이버,전동드라이버,T핸드드라이버,T핸드드라이버,True,1,False,단순명사형,LLM_후보내_오선택,완전_다른_공구_선택
granite4.1:3b,bosch2(무선전동드릴),전동드릴,충전드릴,전동드릴,True,2,False,브랜드명_혼입 | 동력원_명시,LLM_유사공구_오선택,동력원_분류_오류
granite4.1:3b,bosch3(무선전동드릴),전동드릴,충전드릴,전동드릴,True,2,False,브랜드명_혼입 | 동력원_명시,LLM_유사공구_오선택,동력원_분류_오류
granite4.1:3b,pvc파이프커터,커터,PVC컷터,커터,True,4,True,단순명사형,LLM_후보내_오선택,완전_다른_공구_선택
granite4.1:3b,usb 충전식 드라이버,충전임팩트드라이버,전동드라이버,충전임팩트드라이버,True,3,True,동력원_명시,LLM_유사공구_오선택,동력원_분류_오류
granite4.1:3b,ㄷ형 타카핀,전동타카,타카핀,타카핀,True,1,False,단순명사형,LLM_후보내_오선택,완전_다른_공구_선택
granite4.1:3b,가정용 미니드릴 Set,SDS드릴비트,충전드릴,SDS드릴비트,True,6,True,세트_복합,LLM_후보내_오선택,본체_부속품_혼동
granite4.1:3b,갓다,가스토치,커터,사다리,False,-1,False,단순명사형,RAG_후보_누락,RAG_검색_실패
granite4.1:3b,강력니퍼,니퍼,강력니퍼,강력니퍼,True,1,False,단순명사형,LLM_후보내_오선택,완전_다른_공구_선택
granite4.1:3b,강력절단기,고속절단기,볼트컷터,고속절단기,True,15,False,단순명사형,LLM_후보내_오선택,완전_다른_공구_선택
granite4.1:3b,강력절단기(45cm),고속절단기,볼트컷터,고속절단기,False,-1,False,규격_속성_혼입 | 모델번호_포함,RAG_후보_누락,RAG_검색_실패
granite4.1:3b,검전드라이버,전동드라이버,검전기,드라이버,True,3,False,단순명사형,LLM_후보내_오선택,완전_다른_공구_선택
granite4.1:3b,겸용해머드릴(GBH5-38X),임팩트드릴,해머드릴,해머드릴,True,1,False,규격_속성_혼입 | 모델번호_포함,LLM_유사공구_오선택,드릴_드라이버_계열_혼동
granite4.1:3b,고글,글루건,보안경,글루건,False,-1,True,단순명사형,RAG_후보_누락,RAG_검색_실패
granite4.1:3b,고무망치,망치,고무망치,고무망치,True,1,False,단순명사형,LLM_후보내_오선택,완전_다른_공구_선택
granite4.1:3b,고지가위,전지가위,고지가위,고지가위,True,1,False,단순명사형,LLM_후보내_오선택,완전_다른_공구_선택
granite4.1:3b,고지가위(5m),전지가위,고지가위,고지가위,True,1,False,규격_속성_혼입,LLM_후보내_오선택,완전_다른_공구_선택
granite4.1:3b,공구세트(대)-139pcs,전동공구세트,공구세트,공구세트,True,1,False,규격_속성_혼입 | 세트_복합 | 모델번호_포함,LLM_유사공구_오선택,동력원_분류_오류
granite4.1:3b,공구셋트SMATO(16),전동공구세트,공구세트,공구세트,True,1,False,세트_복합,LLM_유사공구_오선택,동력원_분류_오류
granite4.1:3b,공구함키트박스(디월트),전동공구세트,공구함,공구함,True,1,False,브랜드명_혼입 | 세트_복합,LLM_유사공구_오선택,동력원_분류_오류
granite4.1:3b,글루스틱,글루건,글루스틱,글루스틱,True,1,False,단순명사형,LLM_후보내_오선택,완전_다른_공구_선택
granite4.1:3b,기리세트(10p),기어렌치세트,드릴비트세트,세트,True,8,False,세트_복합 | 일본어_잔재 | 모델번호_포함,LLM_후보내_오선택,본체_부속품_혼동
granite4.1:3b,기리셋트,레이저거리측정기,드릴비트세트,옵셋렌치,False,-1,False,세트_복합 | 일본어_잔재,RAG_후보_누락,RAG_검색_실패
granite4.1:3b,기어렌치세트,별렌치세트,기어렌치세트,기어렌치세트,True,1,False,세트_복합,LLM_후보내_오선택,완전_다른_공구_선택
granite4.1:3b,끌세트,드릴비트세트,끌세트,끌세트,True,1,False,세트_복합,LLM_후보내_오선택,본체_부속품_혼동
granite4.1:3b,노기스,롱노즈플라이어,버니어캘리퍼스,롱노즈플라이어,False,-1,True,일본어_잔재,RAG_후보_누락,RAG_검색_실패
granite4.1:3b,다이아타입 플라이어,플라이어,다이아고날플라이어,다이아고날플라이어,True,1,False,단순명사형,LLM_유사공구_오선택,동일계열_공구_혼동
granite4.1:3b,드라이버세트,드라이버,드라이버세트,드라이버세트,True,1,False,세트_복합,LLM_유사공구_오선택,드릴_드라이버_계열_혼동
granite4.1:3b,드릴(무선),전동드릴,충전드릴,전동드릴,True,2,False,동력원_명시,LLM_유사공구_오선택,동력원_분류_오류
granite4.1:3b,디월트 DCD709L2,드릴비트,충전드릴,LED작업등,False,-1,False,브랜드명_혼입 | 모델번호_포함,RAG_후보_누락,RAG_검색_실패
granite4.1:3b,디월트 공구함세트,전동공구세트,공구함세트,공구함세트,True,1,False,브랜드명_혼입 | 세트_복합,LLM_유사공구_오선택,동력원_분류_오류
granite4.1:3b,디월트 타카,드릴비트,건타카,타카,True,4,False,브랜드명_혼입,LLM_후보내_오선택,본체_부속품_혼동
granite4.1:3b,락킹 플라이어,스냅링플라이어,바이스그립플라이어,플라이어,True,8,False,단순명사형,LLM_유사공구_오선택,동일계열_공구_혼동
granite4.1:3b,랜턴,렌치,LED손전등,렌치,False,-1,True,단순명사형,RAG_후보_누락,RAG_검색_실패
granite4.1:3b,망치/함마/장도리,장도리,망치,장도리,True,2,False,세트_복합 | 일본어_잔재,LLM_후보내_오선택,완전_다른_공구_선택
granite4.1:3b,매직렌치,렌치,만능렌치,렌치,True,2,False,단순명사형,LLM_후보내_오선택,완전_다른_공구_선택
granite4.1:3b,몽키 10인치,망치,몽키렌치,몽키렌치,True,1,False,규격_속성_혼입,LLM_후보내_오선택,완전_다른_공구_선택
granite4.1:3b,몽키 12인치,렌치,몽키렌치,몽키렌치,True,1,False,규격_속성_혼입,LLM_유사공구_오선택,동일계열_공구_혼동
granite4.1:3b,몽키 8인치,망치,몽키렌치,몽키렌치,True,1,False,규격_속성_혼입,LLM_후보내_오선택,완전_다른_공구_선택
granite4.1:3b,몽키렌치,렌치,몽키렌치,몽키렌치,True,1,False,단순명사형,LLM_유사공구_오선택,동일계열_공구_혼동
granite4.1:3b,무선드릴,전동드릴,충전드릴,전동드릴,True,2,False,동력원_명시,LLM_유사공구_오선택,동력원_분류_오류
granite4.1:3b,무선전동드릴,전동드릴,충전드릴,전동드릴,True,2,False,동력원_명시,LLM_유사공구_오선택,동력원_분류_오류
granite4.1:3b,밀워키 M12 BID,전동드릴,충전임팩트드라이버,몽키렌치,False,-1,False,브랜드명_혼입,RAG_후보_누락,RAG_검색_실패
granite4.1:3b,밀워키 래치 렌치세트,별렌치세트,라쳇렌치세트,별렌치세트,True,2,True,브랜드명_혼입 | 세트_복합,LLM_후보내_오선택,완전_다른_공구_선택
granite4.1:3b,바이스 플라이어,플라이어,바이스그립플라이어,바이스그립플라이어,True,1,False,일본어_잔재,LLM_유사공구_오선택,동일계열_공구_혼동
granite4.1:3b,바이스플라이어,플라이어,바이스그립플라이어,바이스그립플라이어,True,1,False,일본어_잔재 | 오탈자_의심,LLM_유사공구_오선택,동일계열_공구_혼동
granite4.1:3b,바이스플라이어,플라이어,바이스그립플라이어,바이스그립플라이어,True,1,False,일본어_잔재 | 오탈자_의심,LLM_유사공구_오선택,동일계열_공구_혼동
granite4.1:3b,바이스플라이어(10인치),플라이어,바이스그립플라이어,바이스그립플라이어,True,1,False,규격_속성_혼입 | 일본어_잔재 | 오탈자_의심,LLM_유사공구_오선택,동일계열_공구_혼동
granite4.1:3b,보쉬 13RE,보안경,해머드릴,보안경,False,-1,True,브랜드명_혼입 | 모델번호_포함,RAG_후보_누락,RAG_검색_실패
granite4.1:3b,보쉬 수공구세트,전동공구세트,공구세트,공구세트,True,1,False,브랜드명_혼입 | 세트_복합,LLM_유사공구_오선택,동력원_분류_오류
granite4.1:3b,보쉬멀티기리세트,멀티테스터,드릴비트세트,멀티테스터,False,-1,False,브랜드명_혼입 | 세트_복합 | 일본어_잔재,RAG_후보_누락,RAG_검색_실패
granite4.1:3b,복스세트,공구세트,소켓렌치세트,다이스세트,False,-1,False,세트_복합,RAG_후보_누락,RAG_검색_실패
granite4.1:3b,볼트카타,납볼망치,볼트컷터,볼트컷터,True,1,False,단순명사형,LLM_후보내_오선택,완전_다른_공구_선택
granite4.1:3b,비트세트,드릴비트세트,비트세트,비트세트,True,1,False,세트_복합,LLM_후보내_오선택,완전_다른_공구_선택
granite4.1:3b,비트세트,드릴비트세트,비트세트,비트세트,True,1,False,세트_복합,LLM_후보내_오선택,완전_다른_공구_선택
granite4.1:3b,빠루,빠루망치,쇠지렛대,빠루망치,False,-1,False,일본어_잔재,RAG_후보_누락,RAG_검색_실패
granite4.1:3b,빠루망치,망치,빠루망치,빠루망치,True,1,False,일본어_잔재,LLM_후보내_오선택,완전_다른_공구_선택
granite4.1:3b,빠루망치,망치,빠루망치,빠루망치,True,1,False,일본어_잔재,LLM_후보내_오선택,완전_다른_공구_선택
granite4.1:3b,뺀찌,핀펀치,펜치,핀펀치,True,15,False,단순명사형,LLM_후보내_오선택,완전_다른_공구_선택
granite4.1:3b,뺀치,돌망치,펜치,망치,True,2,False,일본어_잔재,LLM_후보내_오선택,완전_다른_공구_선택
granite4.1:3b,세신 몽키 스패너 12,스패너,몽키렌치,스패너,True,4,True,브랜드명_혼입,LLM_후보내_오선택,완전_다른_공구_선택
granite4.1:3b,세신 몽키 스패너 8,스패너,몽키렌치,스패너,True,4,True,브랜드명_혼입,LLM_후보내_오선택,완전_다른_공구_선택
granite4.1:3b,쇠톱대,쇠지렛대,쇠톱,쇠톱,True,1,False,단순명사형,LLM_후보내_오선택,완전_다른_공구_선택
granite4.1:3b,수평대(디월트),디지털수평기,수평기,수평기,True,1,False,브랜드명_혼입,LLM_후보내_오선택,완전_다른_공구_선택
granite4.1:3b,수평자,레이저수평기,수평기,수평기,True,1,False,단순명사형,LLM_유사공구_오선택,동일계열_공구_혼동
granite4.1:3b,수평자,레이저수평기,수평기,수평기,True,1,False,단순명사형,LLM_유사공구_오선택,동일계열_공구_혼동
granite4.1:3b,스킬 함마드릴,전동드릴,해머드릴,해머드릴,True,1,False,일본어_잔재,LLM_유사공구_오선택,동력원_분류_오류
granite4.1:3b,스패너세트,스패너,스패너세트,스패너세트,True,1,False,세트_복합,LLM_유사공구_오선택,동일계열_공구_혼동
granite4.1:3b,스프링청소기,직소기,스프링배관청소기,스프링배관청소기,True,1,False,단순명사형,LLM_후보내_오선택,완전_다른_공구_선택
granite4.1:3b,실리콘건,에어건,실리콘건,실리콘건,True,1,False,단순명사형,LLM_후보내_오선택,완전_다른_공구_선택
granite4.1:3b,실리콘건,에어건,실리콘건,실리콘건,True,1,False,단순명사형,LLM_후보내_오선택,완전_다른_공구_선택
granite4.1:3b,아임삭 콤보드릴,해머드릴,충전드릴,임팩트드릴,True,4,False,브랜드명_혼입,LLM_유사공구_오선택,동력원_분류_오류
granite4.1:3b,자석수평,레이저수평기,수평기,수평기,True,1,False,단순명사형,LLM_유사공구_오선택,동일계열_공구_혼동
granite4.1:3b,전기릴선,전동드릴,전선릴,전선릴,True,1,False,동력원_명시,LLM_후보내_오선택,완전_다른_공구_선택
granite4.1:3b,전기릴선,전동드릴,전선릴,전선릴,True,1,False,동력원_명시,LLM_후보내_오선택,완전_다른_공구_선택
granite4.1:3b,전기해머드릴,전동드릴,해머드릴,해머드릴,True,1,False,동력원_명시,LLM_유사공구_오선택,동력원_분류_오류
granite4.1:3b,전동 무선드릴,전동드릴,충전드릴,전동드릴,True,3,False,동력원_명시,LLM_유사공구_오선택,동력원_분류_오류
granite4.1:3b,전동드릴(무선),전동드릴,충전드릴,전동드릴,True,4,False,동력원_명시,LLM_유사공구_오선택,동력원_분류_오류
granite4.1:3b,전동드릴(보쉬 GSR14.4-2),전동드릴,충전드릴,전동드릴,True,3,False,브랜드명_혼입 | 규격_속성_혼입 | 모델번호_포함,LLM_유사공구_오선택,동력원_분류_오류
granite4.1:3b,전동드릴(충전식),전동드릴,충전드릴,전동드릴,True,2,False,동력원_명시,LLM_유사공구_오선택,동력원_분류_오류
granite4.1:3b,전동일자톱,전동드라이버,왕복톱(레시프로쏘),전동타카,False,-1,False,동력원_명시,RAG_후보_누락,RAG_검색_실패
granite4.1:3b,전동일자톱,전동드라이버,왕복톱(레시프로쏘),전동타카,False,-1,False,동력원_명시,RAG_후보_누락,RAG_검색_실패
granite4.1:3b,전동충전드릴,전동드릴,충전드릴,충전드릴,True,1,False,동력원_명시,LLM_유사공구_오선택,동력원_분류_오류
granite4.1:3b,전선릴,전동드릴,전선릴,전선릴,True,1,False,단순명사형,LLM_후보내_오선택,완전_다른_공구_선택
granite4.1:3b,전정가위,전정톱,전지가위,전지가위,True,1,False,단순명사형,LLM_후보내_오선택,완전_다른_공구_선택
granite4.1:3b,절단석,고속절단기,절단석,절단석,True,1,False,단순명사형,LLM_후보내_오선택,완전_다른_공구_선택
granite4.1:3b,조경가위,다목적가위,전지가위,철판가위,True,4,False,단순명사형,LLM_후보내_오선택,완전_다른_공구_선택
granite4.1:3b,철기리,철판가위,철공용드릴비트,철판가위,True,3,True,일본어_잔재,LLM_후보내_오선택,본체_부속품_혼동
granite4.1:3b,철판드릴비트,드릴비트,철공용드릴비트,철공용드릴비트,True,1,False,단순명사형,LLM_유사공구_오선택,드릴_드라이버_계열_혼동
granite4.1:3b,첼라,드라이버,워터펌프플라이어,드라이버,False,-1,True,단순명사형,RAG_후보_누락,RAG_검색_실패
granite4.1:3b,첼라,드라이버,워터펌프플라이어,드라이버,False,-1,True,단순명사형,RAG_후보_누락,RAG_검색_실패
granite4.1:3b,첼라,드라이버,워터펌프플라이어,드라이버,False,-1,True,단순명사형,RAG_후보_누락,RAG_검색_실패
granite4.1:3b,첼라 300,플라이어,워터펌프플라이어,플라이어,False,-1,True,단순명사형,RAG_후보_누락,RAG_검색_실패
granite4.1:3b,충전 그라인더,충전드릴,앵글그라인더,앵글그라인더,True,1,False,동력원_명시,LLM_후보내_오선택,완전_다른_공구_선택
granite4.1:3b,충전드라이버,충전임팩트드라이버,전동드라이버,충전임팩트드라이버,True,4,True,동력원_명시,LLM_유사공구_오선택,동력원_분류_오류
granite4.1:3b,충전송풍기,충전드릴,송풍기,송풍기,True,1,False,동력원_명시,LLM_후보내_오선택,완전_다른_공구_선택
granite4.1:3b,충전전동드릴,전동드릴,충전드릴,충전드릴,True,1,False,동력원_명시,LLM_유사공구_오선택,동력원_분류_오류
granite4.1:3b,충전함마드릴(디월트),전동드릴,충전해머드릴,충전드릴,True,2,False,브랜드명_혼입 | 동력원_명시 | 일본어_잔재,LLM_유사공구_오선택,동력원_분류_오류
granite4.1:3b,타카핀,핀펀치,타카핀,타카핀,True,1,False,단순명사형,LLM_후보내_오선택,완전_다른_공구_선택
granite4.1:3b,톱(접이식),목공용접톱,접톱,접톱,True,1,False,단순명사형,LLM_후보내_오선택,완전_다른_공구_선택
granite4.1:3b,함마,공구함,망치,연마석,False,-1,False,일본어_잔재,RAG_후보_누락,RAG_검색_실패
granite4.1:3b,함석가위,전지가위,철판가위,철판가위,True,1,False,단순명사형,LLM_후보내_오선택,완전_다른_공구_선택
granite4.1:3b,헤라 3인치,앵글그라인더,스크레퍼,앵글그라인더,False,-1,True,규격_속성_혼입,RAG_후보_누락,RAG_검색_실패
granite4.1:3b,헤라 5인치,앵글그라인더,스크레퍼,앵글그라인더,False,-1,True,규격_속성_혼입,RAG_후보_누락,RAG_검색_실패
granite4.1:8b,보쉬 pushdrive,충전임팩트드라이버,전동드라이버,보안경,False,-1,False,브랜드명_혼입,RAG_후보_누락,RAG_검색_실패
granite4.1:8b,"전동드릴(무선, 보쉬)",전동드릴,충전드릴,전동드릴,True,3,False,브랜드명_혼입 | 동력원_명시,LLM_유사공구_오선택,동력원_분류_오류
granite4.1:8b,(40)철기리 세트,비트세트,철공용드릴비트세트,세트,True,3,False,세트_복합 | 일본어_잔재,LLM_후보내_오선택,완전_다른_공구_선택
granite4.1:8b,(45)에어펌프(자전거 공기주입기),에어펌프,자전거펌프,자전거펌프,True,1,False,동력원_명시,LLM_후보내_오선택,완전_다른_공구_선택
granite4.1:8b,.몽키스패너200mm,편구스패너,몽키렌치,스패너,True,3,False,규격_속성_혼입 | 모델번호_포함,LLM_후보내_오선택,완전_다른_공구_선택
granite4.1:8b,.몽키스패너300mm,편구스패너,몽키렌치,스패너,True,3,False,규격_속성_혼입 | 모델번호_포함,LLM_후보내_오선택,완전_다른_공구_선택
granite4.1:8b,12P 3종 기리세트(육각씽크),육각렌치세트,드릴비트세트,육각렌치세트,True,10,False,세트_복합 | 일본어_잔재 | 모델번호_포함,LLM_후보내_오선택,본체_부속품_혼동
granite4.1:8b,12인치 몽키스패너,스패너,몽키렌치,스패너,True,2,True,규격_속성_혼입,LLM_후보내_오선택,완전_다른_공구_선택
granite4.1:8b,13RE,망치,해머드릴,LED투광기,False,-1,False,모델번호_포함,RAG_후보_누락,RAG_검색_실패
granite4.1:8b,2단사다리,A형사다리,사다리,사다리,True,1,False,단순명사형,LLM_후보내_오선택,완전_다른_공구_선택
granite4.1:8b,300mm첼라,앵글그라인더,워터펌프플라이어,플라이어,False,-1,False,모델번호_포함,RAG_후보_누락,RAG_검색_실패
granite4.1:8b,3단사다리,A형사다리,사다리,사다리,True,1,False,단순명사형,LLM_후보내_오선택,완전_다른_공구_선택
granite4.1:8b,BOSCH GSB18V-21,드릴비트,충전해머드릴,SDS드릴비트,False,-1,False,브랜드명_혼입 | 규격_속성_혼입 | 모델번호_포함,RAG_후보_누락,RAG_검색_실패
granite4.1:8b,LED 랜턴,LED투광기,LED손전등,LED손전등,True,1,False,단순명사형,LLM_후보내_오선택,완전_다른_공구_선택
granite4.1:8b,LED후레쉬,LED작업등,LED손전등,LED손전등,True,1,False,단순명사형,LLM_후보내_오선택,완전_다른_공구_선택
granite4.1:8b,L렌지세트,T렌치세트,육각렌치세트,T렌치세트,True,5,False,세트_복합,LLM_후보내_오선택,완전_다른_공구_선택
granite4.1:8b,L렌지셋트,소켓렌치세트,육각렌치세트,옵셋렌치,True,6,False,세트_복합,LLM_후보내_오선택,본체_부속품_혼동
granite4.1:8b,L렌치 세트,소켓렌치세트,육각렌치세트,T렌치세트,True,5,False,세트_복합,LLM_후보내_오선택,본체_부속품_혼동
granite4.1:8b,L렌치세트,소켓렌치세트,육각렌치세트,T렌치세트,True,7,False,세트_복합,LLM_후보내_오선택,본체_부속품_혼동
granite4.1:8b,L렌치세트(9pcs),소켓렌치세트,육각렌치세트,T렌치세트,True,7,False,규격_속성_혼입 | 세트_복합,LLM_후보내_오선택,본체_부속품_혼동
granite4.1:8b,L형 렌치세트,소켓렌치세트,육각렌치세트,별렌치세트,True,5,False,세트_복합,LLM_후보내_오선택,본체_부속품_혼동
granite4.1:8b,L형 렌치세트,소켓렌치세트,육각렌치세트,별렌치세트,True,5,False,세트_복합,LLM_후보내_오선택,본체_부속품_혼동
granite4.1:8b,L형 렌치센트,소켓렌치세트,육각렌치세트,렌치,True,6,False,단순명사형,LLM_후보내_오선택,본체_부속품_혼동
granite4.1:8b,bosch3(무선전동드릴),전동드릴,충전드릴,전동드릴,True,2,False,브랜드명_혼입 | 동력원_명시,LLM_유사공구_오선택,동력원_분류_오류
granite4.1:8b,usb 충전식 드라이버,충전임팩트드라이버,전동드라이버,충전임팩트드라이버,True,3,True,동력원_명시,LLM_유사공구_오선택,동력원_분류_오류
granite4.1:8b,가정용 미니드릴 Set,드릴비트세트,충전드릴,SDS드릴비트,True,6,False,세트_복합,LLM_후보내_오선택,세트_단품_혼동
granite4.1:8b,갓다,타카,커터,사다리,False,-1,False,단순명사형,RAG_후보_누락,RAG_검색_실패
granite4.1:8b,강력절단기,강력니퍼,볼트컷터,고속절단기,True,15,False,단순명사형,LLM_후보내_오선택,완전_다른_공구_선택
granite4.1:8b,강력절단기(45cm),고속절단기,볼트컷터,고속절단기,False,-1,False,규격_속성_혼입 | 모델번호_포함,RAG_후보_누락,RAG_검색_실패
granite4.1:8b,계양임팩드릴,해머드릴,임팩트드릴,임팩트드릴,True,1,False,브랜드명_혼입,LLM_유사공구_오선택,드릴_드라이버_계열_혼동
granite4.1:8b,고글,글루건,보안경,글루건,False,-1,True,단순명사형,RAG_후보_누락,RAG_검색_실패
granite4.1:8b,공구함키트박스(디월트),공구함세트,공구함,공구함,True,1,False,브랜드명_혼입 | 세트_복합,LLM_유사공구_오선택,동일계열_공구_혼동
granite4.1:8b,기리세트,공구세트,드릴비트세트,세트,True,9,False,세트_복합 | 일본어_잔재,LLM_후보내_오선택,본체_부속품_혼동
granite4.1:8b,기리세트(10p),비트세트,드릴비트세트,세트,True,8,False,세트_복합 | 일본어_잔재 | 모델번호_포함,LLM_후보내_오선택,완전_다른_공구_선택
granite4.1:8b,기리셋트,세트,드릴비트세트,옵셋렌치,False,-1,False,세트_복합 | 일본어_잔재,RAG_후보_누락,RAG_검색_실패
granite4.1:8b,노기스,롱노즈플라이어,버니어캘리퍼스,롱노즈플라이어,False,-1,True,일본어_잔재,RAG_후보_누락,RAG_검색_실패
granite4.1:8b,디월트 DCD709L2,드릴비트세트,충전드릴,LED작업등,False,-1,False,브랜드명_혼입 | 모델번호_포함,RAG_후보_누락,RAG_검색_실패
granite4.1:8b,디월트 타카,타카,건타카,타카,True,4,False,브랜드명_혼입,LLM_후보내_오선택,완전_다른_공구_선택
granite4.1:8b,락킹 플라이어,플라이어,바이스그립플라이어,플라이어,True,8,False,단순명사형,LLM_유사공구_오선택,동일계열_공구_혼동
granite4.1:8b,랜턴,렌치,LED손전등,렌치,False,-1,False,단순명사형,RAG_후보_누락,RAG_검색_실패
granite4.1:8b,몽키 10인치,만능렌치,몽키렌치,몽키렌치,True,1,False,규격_속성_혼입,LLM_후보내_오선택,완전_다른_공구_선택
granite4.1:8b,몽키스패너(250mm 세신),편구스패너,몽키렌치,스패너,True,4,False,브랜드명_혼입 | 규격_속성_혼입 | 모델번호_포함,LLM_후보내_오선택,완전_다른_공구_선택
granite4.1:8b,밀워키 M12 BID,드릴비트세트,충전임팩트드라이버,몽키렌치,False,-1,False,브랜드명_혼입,RAG_후보_누락,RAG_검색_실패
granite4.1:8b,보쉬 13RE,볼렌치세트,해머드릴,보안경,False,-1,False,브랜드명_혼입 | 모델번호_포함,RAG_후보_누락,RAG_검색_실패
granite4.1:8b,보쉬멀티기리세트,멀티테스터,드릴비트세트,멀티테스터,False,-1,False,브랜드명_혼입 | 세트_복합 | 일본어_잔재,RAG_후보_누락,RAG_검색_실패
granite4.1:8b,복스세트,다이스세트,소켓렌치세트,다이스세트,False,-1,False,세트_복합,RAG_후보_누락,RAG_검색_실패
granite4.1:8b,볼트카타,볼렌치,볼트컷터,볼트컷터,True,1,False,단순명사형,LLM_후보내_오선택,완전_다른_공구_선택
granite4.1:8b,빠루,빠루망치,쇠지렛대,빠루망치,False,-1,False,일본어_잔재,RAG_후보_누락,RAG_검색_실패
granite4.1:8b,뺀치,망치,펜치,망치,True,2,False,일본어_잔재,LLM_후보내_오선택,완전_다른_공구_선택
granite4.1:8b,세신 몽키 스패너 10,스패너,몽키렌치,스패너,True,4,True,브랜드명_혼입,LLM_후보내_오선택,완전_다른_공구_선택
granite4.1:8b,세신 몽키 스패너 12,스패너,몽키렌치,스패너,True,4,True,브랜드명_혼입,LLM_후보내_오선택,완전_다른_공구_선택
granite4.1:8b,세신 몽키 스패너 8,스패너,몽키렌치,스패너,True,4,True,브랜드명_혼입,LLM_후보내_오선택,완전_다른_공구_선택
granite4.1:8b,수평계,디지털수평기,수평기,수평기,True,1,False,단순명사형,LLM_후보내_오선택,완전_다른_공구_선택
granite4.1:8b,수평대,디지털수평기,수평기,수평기,True,1,False,단순명사형,LLM_후보내_오선택,완전_다른_공구_선택
granite4.1:8b,수평대(450mm),디지털수평기,수평기,수평기,True,1,False,규격_속성_혼입 | 모델번호_포함,LLM_후보내_오선택,완전_다른_공구_선택
granite4.1:8b,수평대(디월트),디지털수평기,수평기,수평기,True,1,False,브랜드명_혼입,LLM_후보내_오선택,완전_다른_공구_선택
granite4.1:8b,아임삭 콤보드릴,임팩트드릴,충전드릴,임팩트드릴,True,4,False,브랜드명_혼입,LLM_유사공구_오선택,동력원_분류_오류
granite4.1:8b,전기해머드릴,충전해머드릴,해머드릴,해머드릴,True,1,False,동력원_명시,LLM_유사공구_오선택,동력원_분류_오류
granite4.1:8b,전동 드릴,전동드라이버,전동드릴,전동드릴,True,1,False,단순명사형,LLM_후보내_오선택,완전_다른_공구_선택
granite4.1:8b,전동드릴(무선),전동드릴,충전드릴,전동드릴,True,4,False,동력원_명시,LLM_유사공구_오선택,동력원_분류_오류
granite4.1:8b,전동드릴(보쉬 GSR14.4-2),전동드릴,충전드릴,전동드릴,True,3,False,브랜드명_혼입 | 규격_속성_혼입 | 모델번호_포함,LLM_유사공구_오선택,동력원_분류_오류
granite4.1:8b,전동일자톱,전동타카,왕복톱(레시프로쏘),전동타카,False,-1,False,동력원_명시,RAG_후보_누락,RAG_검색_실패
granite4.1:8b,전동일자톱,전동타카,왕복톱(레시프로쏘),전동타카,False,-1,False,동력원_명시,RAG_후보_누락,RAG_검색_실패
granite4.1:8b,전동해머드릴,충전해머드릴,해머드릴,해머드릴,True,1,False,동력원_명시,LLM_유사공구_오선택,동력원_분류_오류
granite4.1:8b,접톱,목공용접톱,접톱,접톱,True,1,False,단순명사형,LLM_후보내_오선택,완전_다른_공구_선택
granite4.1:8b,접톱,목공용접톱,접톱,접톱,True,1,False,단순명사형,LLM_후보내_오선택,완전_다른_공구_선택
granite4.1:8b,조경가위,다목적가위,전지가위,철판가위,True,4,False,단순명사형,LLM_후보내_오선택,완전_다른_공구_선택
granite4.1:8b,집톱,톱,접톱,톱,True,2,False,단순명사형,LLM_후보내_오선택,완전_다른_공구_선택
granite4.1:8b,철기리,철판가위,철공용드릴비트,철판가위,True,3,False,일본어_잔재,LLM_후보내_오선택,본체_부속품_혼동
granite4.1:8b,첼라,드라이버,워터펌프플라이어,드라이버,False,-1,True,단순명사형,RAG_후보_누락,RAG_검색_실패
granite4.1:8b,첼라,드라이버,워터펌프플라이어,드라이버,False,-1,True,단순명사형,RAG_후보_누락,RAG_검색_실패
granite4.1:8b,첼라,드라이버,워터펌프플라이어,드라이버,False,-1,True,단순명사형,RAG_후보_누락,RAG_검색_실패
granite4.1:8b,첼라 300,플라이어,워터펌프플라이어,플라이어,False,-1,False,단순명사형,RAG_후보_누락,RAG_검색_실패
granite4.1:8b,충전드라이버,충전임팩트드라이버,전동드라이버,충전임팩트드라이버,True,4,True,동력원_명시,LLM_유사공구_오선택,동력원_분류_오류
granite4.1:8b,펜치(8인치),파이프렌치,펜치,펜치,True,1,False,규격_속성_혼입,LLM_후보내_오선택,완전_다른_공구_선택
granite4.1:8b,함마,해머드릴,망치,연마석,False,-1,False,일본어_잔재,RAG_후보_누락,RAG_검색_실패
granite4.1:8b,함마드릴,충전해머드릴,해머드릴,해머드릴,True,1,False,일본어_잔재,LLM_유사공구_오선택,동력원_분류_오류
granite4.1:8b,헤라 3인치,렌치,스크레퍼,앵글그라인더,False,-1,False,규격_속성_혼입,RAG_후보_누락,RAG_검색_실패
granite4.1:8b,헤라 5인치,앵글그라인더,스크레퍼,앵글그라인더,False,-1,False,규격_속성_혼입,RAG_후보_누락,RAG_검색_실패
