input_name,standard_name_gt,dirty_type,llm_output,llm_raw,exact_match,nearest_name,nearest_sim,nearest_correct
전동드릴,전동드릴,동력원 명시,전동 드릴,전동 드릴,False,전동드릴,0.889,True
전기드릴,전동드릴,오탈자,전동 드릴,전동 드릴,False,전동드릴,0.889,True
유선전동드릴,전동드릴,동력원 명시,전동드릴,전동드릴,True,전동드릴,1.0,True
유선 전동드릴,전동드릴,동력원 명시,전동드릴,전동드릴,True,전동드릴,1.0,True
전동드릴(유선),전동드릴,동력원 명시,유선 전동 드릴,유선 전동 드릴,False,전동드릴,0.667,True
전기드릴(유선),전동드릴,동력원 명시,전동 드릴,전동 드릴,False,전동드릴,0.889,True
(20)유선 전동드릴,전동드릴,메타데이터,전동드릴,전동드릴,True,전동드릴,1.0,True
드릴(유선),전동드릴,동력원 명시,유선 드릴,유선 드릴,False,전선릴,0.5,False
전동 드릴,전동드릴,동력원 명시,전동 드릴,전동 드릴,False,전동드릴,0.889,True
드릴,전동드릴,기타,드릴,드릴,False,해머드릴,0.667,False
충전드릴,충전드릴,동력원 명시,드릴,드릴,False,해머드릴,0.667,False
무선드릴,충전드릴,동력원 명시,전동드릴,전동드릴,False,전동드릴,1.0,False
무선전동드릴,충전드릴,동력원 명시,전동드릴,전동드릴,False,전동드릴,1.0,False
전동드릴(무선),충전드릴,동력원 명시,무선 드릴,무선 드릴,False,전선릴,0.5,False
전동 무선드릴,충전드릴,동력원 명시,전동 드릴,전동 드릴,False,전동드릴,0.889,False
드릴(무선),충전드릴,동력원 명시,무선 드릴,무선 드릴,False,전선릴,0.5,False
충전 전동드릴,충전드릴,동력원 명시,전동드릴,전동드릴,False,전동드릴,1.0,False
충전전동드릴,충전드릴,동력원 명시,전동드릴,전동드릴,False,전동드릴,1.0,False
전동충전드릴,충전드릴,동력원 명시,전동드릴,전동드릴,False,전동드릴,1.0,False
전동드릴(충전식),충전드릴,동력원 명시,충전 전동 드릴,충전 전동 드릴,False,충전드릴,0.667,True
(54)미니충전전동드릴,충전드릴,메타데이터,미니 충전 전동 드릴,미니 충전 전동 드릴,False,충전드릴,0.533,True
일자경용 충전드릴,충전드릴,동력원 명시,일자형 충전드릴,일자형 충전드릴,False,충전드릴,0.667,True
일자겸용 충전드릴,충전드릴,동력원 명시,일자드릴 겸용 충전드릴,일자드릴 겸용 충전드릴,False,충전드릴,0.5,True
가정용 미니드릴 Set,충전드릴,영문/약어,미니 드릴 세트,미니 드릴 세트,False,드릴비트세트,0.571,False
가정용 소형 드릴,전동드릴,오탈자,소형 전동 드릴,소형 전동 드릴,False,전동드릴,0.667,True
보쉬전동드릴,전동드릴,브랜드 혼입,전동드릴,전동드릴,True,전동드릴,1.0,True
보쉬 전동드릴,전동드릴,브랜드 혼입,전동드릴,전동드릴,True,전동드릴,1.0,True
BOSCH 전동드릴,전동드릴,브랜드 혼입,전동드릴,전동드릴,True,전동드릴,1.0,True
보쉬 일반 드릴,전동드릴,브랜드 혼입,드릴,드릴,False,해머드릴,0.667,False
전동드릴(보쉬 GSR14.4-2),충전드릴,브랜드 혼입,전동 드릴,전동 드릴,False,전동드릴,0.889,False
"전동드릴(무선, 보쉬)",충전드릴,브랜드 혼입,무선 전동 드릴,무선 전동 드릴,False,전동드릴,0.667,False
보쉬 충전드릴,충전드릴,브랜드 혼입,충전드릴,충전드릴,True,충전드릴,1.0,True
보쉬충전드릴,충전드릴,브랜드 혼입,충전드릴,충전드릴,True,충전드릴,1.0,True
보쉬 충전 전동드릴,충전드릴,브랜드 혼입,충전 전동 드릴,충전 전동 드릴,False,충전드릴,0.667,True
충전 전동드릴(보쉬),충전드릴,브랜드 혼입,전동드릴,전동드릴,False,전동드릴,1.0,False
BOSCH GSB18V-21,충전해머드릴,브랜드 혼입,콘크리트함마드릴,콘크리트함마드릴,False,콘크리트용드릴비트,0.706,False
bosch2(무선전동드릴),충전드릴,브랜드 혼입,무선전동드릴,무선전동드릴,False,전동드릴,0.8,False
bosch3(무선전동드릴),충전드릴,브랜드 혼입,무선전동드릴,무선전동드릴,False,전동드릴,0.8,False
BOMANN 전동드릴,전동드릴,동력원 명시,전동드릴,전동드릴,True,전동드릴,1.0,True
계양전동드릴,전동드릴,브랜드 혼입,전동드릴,전동드릴,True,전동드릴,1.0,True
전동드릴(계양 DMV-13K),전동드릴,브랜드 혼입,전동 드릴,전동 드릴,False,전동드릴,0.889,True
충전 전동드릴(계양),충전드릴,브랜드 혼입,전동드릴,전동드릴,False,전동드릴,1.0,False
아임삭 충전드릴,충전드릴,브랜드 혼입,충전드릴,충전드릴,True,충전드릴,1.0,True
아임삭충전드릴,충전드릴,브랜드 혼입,충전드릴,충전드릴,True,충전드릴,1.0,True
아임삭 충전 드릴(무선),충전드릴,브랜드 혼입,충전 드릴,충전 드릴,False,충전드릴,0.889,True
아임삭 콤보드릴,충전드릴,브랜드 혼입,콤보드릴,콤보드릴,False,해머드릴,0.5,False
충전 전동드릴(아임삭),충전드릴,브랜드 혼입,전동드릴,전동드릴,False,전동드릴,1.0,False
디월트 전동드릴(전화 문의),전동드릴,운영용 텍스트,전동드릴,전동드릴,True,전동드릴,1.0,True
디월트 DCD709L2,충전드릴,브랜드 혼입,,,False,A형사다리,0.0,False
해머드릴,해머드릴,오탈자,해머드릴,해머드릴,True,해머드릴,1.0,True
함마드릴,해머드릴,일본어 잔재,함마드릴,함마드릴,False,해머드릴,0.5,True
전동 해머드릴,해머드릴,동력원 명시,함마드릴,함마드릴,False,해머드릴,0.5,True
전동해머드릴,해머드릴,동력원 명시,함마드릴,함마드릴,False,해머드릴,0.5,True
전기헤머드릴,해머드릴,오탈자,함마드릴,함마드릴,False,해머드릴,0.5,True
해머드릴(유선),해머드릴,동력원 명시,유선 해머드릴,유선 해머드릴,False,해머드릴,0.727,True
전기해머드릴,해머드릴,오탈자,함마드릴,함마드릴,False,해머드릴,0.5,True
스킬 함마드릴,해머드릴,일본어 잔재,함마드릴,함마드릴,False,해머드릴,0.5,True
충전해머드릴,충전해머드릴,동력원 명시,충전함마드릴,충전함마드릴,False,충전드릴,0.8,False
충전 해머드릴,충전해머드릴,동력원 명시,충전 드릴,충전 드릴,False,충전드릴,0.889,False
충전 헤머드릴,충전해머드릴,동력원 명시,함마드릴,함마드릴,False,해머드릴,0.5,False
충전햄머드릴,충전해머드릴,동력원 명시,함마드릴,함마드릴,False,해머드릴,0.5,False
보쉬 해머드릴,해머드릴,브랜드 혼입,해머드릴,해머드릴,True,해머드릴,1.0,True
보쉬해머드릴,해머드릴,브랜드 혼입,해머드릴,해머드릴,True,해머드릴,1.0,True
보쉬 해머드릴(유선),해머드릴,브랜드 혼입,유선 해머드릴,유선 해머드릴,False,해머드릴,0.727,True
해머드릴(보쉬),해머드릴,브랜드 혼입,해머드릴,해머드릴,True,해머드릴,1.0,True
보쉬 충전해머드릴,충전해머드릴,브랜드 혼입,충전해머드릴,충전해머드릴,True,충전해머드릴,1.0,True
보쉬 충전해머드릴(무선),충전해머드릴,브랜드 혼입,충전해머드릴,충전해머드릴,True,충전해머드릴,1.0,True
충전해머드릴(보쉬),충전해머드릴,브랜드 혼입,충전해머드릴,충전해머드릴,True,충전해머드릴,1.0,True
보쉬 13RE,해머드릴,브랜드 혼입,,,False,A형사다리,0.0,False
13RE,해머드릴,기타,드릴 비트,드릴 비트,False,드릴비트,0.889,False
겸용해머드릴(GBH5-38X),해머드릴,영문/약어,해머드릴,해머드릴,True,해머드릴,1.0,True
(36) 유선햄머전동드릴(콘크리트용),해머드릴,메타데이터,유선 해머 전동 드릴,유선 해머 전동 드릴,False,해머드릴,0.533,True
충전해머드릴(계양),충전해머드릴,브랜드 혼입,충전해머드릴,충전해머드릴,True,충전해머드릴,1.0,True
마끼다 충전해머드릴(무선),충전해머드릴,브랜드 혼입,충전 해머드릴,충전 해머드릴,False,충전해머드릴,0.923,True
마끼다 해머드릴(유선),해머드릴,브랜드 혼입,유선 해머드릴,유선 해머드릴,False,해머드릴,0.727,True
충전함마드릴(디월트),충전해머드릴,일본어 잔재,충전함마드릴,충전함마드릴,False,충전드릴,0.8,False
밀워키 충전해머드릴 M12V CPD,충전해머드릴,브랜드 혼입,충전해머드릴,충전해머드릴,True,충전해머드릴,1.0,True
계양임팩드릴,임팩트드릴,브랜드 혼입,임팩트 드릴,임팩트 드릴,False,임팩트드릴,0.909,True
전동드라이버,전동드라이버,동력원 명시,전동 드라이버,전동 드라이버,False,전동드라이버,0.923,True
전동 드라이버,전동드라이버,동력원 명시,전동 드라이버,전동 드라이버,False,전동드라이버,0.923,True
충전드라이버,전동드라이버,동력원 명시,전동 드라이버,전동 드라이버,False,전동드라이버,0.923,True
충전 임팩드라이버,충전임팩트드라이버,동력원 명시,임팩트 드라이버,임팩트 드라이버,False,임팩트드라이버,0.933,False
충전임팩드라이버,충전임팩트드라이버,동력원 명시,임팩트 드라이버,임팩트 드라이버,False,임팩트드라이버,0.933,False
스크류 전동 드라이버,전동드라이버,동력원 명시,전동 드라이버,전동 드라이버,False,전동드라이버,0.923,True
미니전동드라이버드릴,전동드라이버,동력원 명시,소형 전동 드라이버 드릴,소형 전동 드라이버 드릴,False,전동드라이버,0.632,True
3.6v 전동드라이버,전동드라이버,동력원 명시,전동 드라이버,전동 드라이버,False,전동드라이버,0.923,True
usb 충전식 드라이버,전동드라이버,동력원 명시,충전식 드라이버,충전식 드라이버,False,전동드라이버,0.714,True
보쉬 전동 드라이버,전동드라이버,브랜드 혼입,전동 드라이버,전동 드라이버,False,전동드라이버,0.923,True
전동드라이버(보쉬),전동드라이버,브랜드 혼입,전동 드라이버,전동 드라이버,False,전동드라이버,0.923,True
BOSCH Professional 전동드라이브,전동드라이버,브랜드 혼입,전동 드라이버,전동 드라이버,False,전동드라이버,0.923,True
보쉬 pushdrive,전동드라이버,브랜드 혼입,푸시 드라이버,푸시 드라이버,False,드라이버,0.727,False
아임삭 충전 임팩 드라이버,충전임팩트드라이버,브랜드 혼입,충전 임팩트 드라이버,충전 임팩트 드라이버,False,충전임팩트드라이버,0.9,True
밀워키 M12 BID,충전임팩트드라이버,브랜드 혼입,,,False,A형사다리,0.0,False
보쉬 충전 임팩트 드릴/드라이버,충전임팩트드라이버,브랜드 혼입,충전 임팩트 드릴/드라이버,충전 임팩트 드릴/드라이버,False,충전임팩트드라이버,0.783,True
니퍼,니퍼,기타,니퍼,니퍼,True,니퍼,1.0,True
니퍼 6인치,니퍼,속성 기입,니퍼,니퍼,True,니퍼,1.0,True
니퍼(6인치),니퍼,속성 기입,니퍼,니퍼,True,니퍼,1.0,True
니퍼(7인치),니퍼,속성 기입,니퍼,니퍼,True,니퍼,1.0,True
니퍼(8인치),니퍼,속성 기입,니퍼,니퍼,True,니퍼,1.0,True
니퍼 (150mm),니퍼,영문/약어,니퍼,니퍼,True,니퍼,1.0,True
강력니퍼,강력니퍼,오탈자,니퍼,니퍼,False,니퍼,1.0,False
(5)니퍼,니퍼,메타데이터,니퍼,니퍼,True,니퍼,1.0,True
펜치,펜치,기타,펜치,펜치,True,펜치,1.0,True
8인치 펜치,펜치,속성 기입,펜치,펜치,True,펜치,1.0,True
펜치(8인치),펜치,속성 기입,펜치,펜치,True,펜치,1.0,True
(15)펜치,펜치,메타데이터,펜치,펜치,True,펜치,1.0,True
뺀찌,펜치,기타,플라이어,플라이어,False,플라이어,1.0,False
ttc 펜치(6인치),펜치,영문/약어,펜치,펜치,True,펜치,1.0,True
플라이어,플라이어,오탈자,펜치,펜치,False,펜치,1.0,False
(46)플라이어,플라이어,메타데이터,플라이어,플라이어,True,플라이어,1.0,True
8피스 플라이어세트,플라이어세트,세트/구성품,플라이어 세트,플라이어 세트,False,플라이어세트,0.923,True
바이스그립,바이스그립플라이어,오탈자,바이스그립,바이스그립,False,바이스그립플라이어,0.714,True
바이스플라이어,바이스그립플라이어,오탈자,바이스 플라이어,바이스 플라이어,False,바이스그립플라이어,0.824,True
바이스 플라이어,바이스그립플라이어,오탈자,플라이어,플라이어,False,플라이어,1.0,False
바이스플라이어(10인치),바이스그립플라이어,속성 기입,바이스 플라이어,바이스 플라이어,False,바이스그립플라이어,0.824,True
(56)바이스플라이어(5인치),바이스그립플라이어,메타데이터,바이스 플라이어,바이스 플라이어,False,바이스그립플라이어,0.824,True
(4)락킹 플라이어(바이스그립),바이스그립플라이어,메타데이터,바이스그립 플라이어,바이스그립 플라이어,False,바이스그립플라이어,0.947,True
락킹 플라이어,바이스그립플라이어,오탈자,와이어 스트리퍼 플라이어,와이어 스트리퍼 플라이어,False,와이어스트리퍼,0.7,False
롱노즈,롱노즈플라이어,오탈자,롱노즈 플라이어,롱노즈 플라이어,False,롱노즈플라이어,0.933,True
롱로우즈,롱노즈플라이어,오탈자,,,False,A형사다리,0.0,False
롱로즈,롱노즈플라이어,오탈자,,,False,A형사다리,0.0,False
(16)롱노우즈 플라이어(라디오펜치),롱노즈플라이어,메타데이터,롱노우즈 플라이어,롱노우즈 플라이어,False,롱노즈플라이어,0.875,True
굽은 노즈 플라이어,굽은노즈플라이어,오탈자,곡면 코 플라이어,곡면 코 플라이어,False,플라이어,0.615,False
다이아타입 플라이어,다이아고날플라이어,오탈자,와이어 커터 플라이어,와이어 커터 플라이어,False,플라이어,0.533,False
몽키스패너,몽키렌치,오탈자,몽키스패너,몽키스패너,False,스패너,0.75,False
몽키,몽키렌치,기타,몽키 스패너,몽키 스패너,False,스패너,0.667,False
몽키렌치,몽키렌치,오탈자,몽키스패너,몽키스패너,False,스패너,0.75,False
경량 몽키렌치,몽키렌치,오탈자,몽키렌치,몽키렌치,True,몽키렌치,1.0,True
경량몽키,몽키렌치,오탈자,몽키 스패너,몽키 스패너,False,스패너,0.667,False
경랑몽키(8인치),몽키렌치,속성 기입,,,False,A형사다리,0.0,False
몽키 8인치,몽키렌치,속성 기입,몽키 스패너,몽키 스패너,False,스패너,0.667,False
몽키 10인치,몽키렌치,속성 기입,몽키 스패너,몽키 스패너,False,스패너,0.667,False
몽키 12인치,몽키렌치,속성 기입,몽키 스패너,몽키 스패너,False,스패너,0.667,False
12인치 몽키스패너,몽키렌치,속성 기입,몽키 스패너,몽키 스패너,False,스패너,0.667,False
.몽키스패너200mm,몽키렌치,영문/약어,몽키 스패너,몽키 스패너,False,스패너,0.667,False
.몽키스패너300mm,몽키렌치,영문/약어,몽키 스패너,몽키 스패너,False,스패너,0.667,False
몽키스패너(250mm 세신),몽키렌치,브랜드 혼입,몽키 스패너,몽키 스패너,False,스패너,0.667,False
세신몽키,몽키렌치,브랜드 혼입,,,False,A형사다리,0.0,False
세신 몽키 스패너 8,몽키렌치,브랜드 혼입,몽키 스패너 8,몽키 스패너 8,False,스패너,0.545,False
세신 몽키 스패너 10,몽키렌치,브랜드 혼입,몽키 스패너 10,몽키 스패너 10,False,스패너,0.5,False
세신 몽키 스패너 12,몽키렌치,브랜드 혼입,몽키 스패너,몽키 스패너,False,스패너,0.667,False
파이프렌치,파이프렌치,오탈자,파이프 렌치,파이프 렌치,False,파이프렌치,0.909,True
파이프렌치(14인치),파이프렌치,속성 기입,파이프 렌치,파이프 렌치,False,파이프렌치,0.909,True
암파이프렌치 18인치,파이프렌치,속성 기입,파이프 렌치,파이프 렌치,False,파이프렌치,0.909,True
세신파이프렌치,파이프렌치,브랜드 혼입,파이프 렌치,파이프 렌치,False,파이프렌치,0.909,True
250 세신 파이프렌치,파이프렌치,브랜드 혼입,파이프렌치,파이프렌치,True,파이프렌치,1.0,True
PIPE렌치,파이프렌치,영문/약어,파이프 렌치,파이프 렌치,False,파이프렌치,0.909,True
스패너,스패너,오탈자,몽키스패너,몽키스패너,False,스패너,0.75,True
스패너세트,스패너세트,세트/구성품,스패너 세트,스패너 세트,False,스패너세트,0.909,True
스패너(200mm),스패너,영문/약어,파이프 렌치,파이프 렌치,False,파이프렌치,0.909,False
스패너(300mm),스패너,영문/약어,파이프 렌치,파이프 렌치,False,파이프렌치,0.909,False
보쉬 스패너 세트,스패너세트,브랜드 혼입,스패너 세트,스패너 세트,False,스패너세트,0.909,True
만능렌치,만능렌치,오탈자,조절 스패너,조절 스패너,False,스패너,0.667,False
매직렌치,만능렌치,오탈자,,,False,A형사다리,0.0,False
육각렌치,육각렌치,오탈자,육각렌치,육각렌치,True,육각렌치,1.0,True
육각렌치세트,육각렌치세트,세트/구성품,육각렌치세트,육각렌치세트,True,육각렌치세트,1.0,True
6각 렌치,육각렌치,기타,육각 렌치,육각 렌치,False,육각렌치,0.889,True
6각렌치세트 9개,육각렌치세트,세트/구성품,육각렌치 세트,육각렌치 세트,False,육각렌치세트,0.923,True
L렌치 세트,육각렌치세트,영문/약어,렌치 세트,렌치 세트,False,볼렌치세트,0.8,False
L렌치세트,육각렌치세트,영문/약어,렌치세트,렌치세트,False,볼렌치세트,0.889,False
L렌치세트(9pcs),육각렌치세트,영문/약어,렌치 세트,렌치 세트,False,볼렌치세트,0.8,False
L형 렌치세트,육각렌치세트,세트/구성품,L형 렌치 세트,L형 렌치 세트,False,볼렌치세트,0.615,False
L렌지세트,육각렌치세트,세트/구성품,L자 렌치 세트,L자 렌치 세트,False,볼렌치세트,0.615,False
L렌지셋트,육각렌치세트,오탈자,,,False,A형사다리,0.0,False
L형 렌치센트,육각렌치세트,오탈자,L형 렌치,L형 렌치,False,렌치,0.571,False
접이식 육각렌치세트,육각렌치세트,세트/구성품,육각렌치세트,육각렌치세트,True,육각렌치세트,1.0,True
볼렌치세트,볼렌치세트,세트/구성품,볼렌치세트,볼렌치세트,True,볼렌치세트,1.0,True
볼렌치,볼렌치,오탈자,,,False,A형사다리,0.0,False
별렌치세트,별렌치세트,세트/구성품,별렌치 세트,별렌치 세트,False,별렌치세트,0.909,True
소켓렌치세트,소켓렌치세트,세트/구성품,소켓렌치세트,소켓렌치세트,True,소켓렌치세트,1.0,True
복스세트,소켓렌치세트,세트/구성품,소켓렌치세트,소켓렌치세트,True,소켓렌치세트,1.0,True
소켓렌치세트(SMATO),소켓렌치세트,영문/약어,소켓렌치세트,소켓렌치세트,True,소켓렌치세트,1.0,True
밀워키 래치 렌치세트,라쳇렌치세트,브랜드 혼입,래치 렌치 세트,래치 렌치 세트,False,볼렌치세트,0.615,False
기어렌치세트,기어렌치세트,세트/구성품,기어 렌치 세트,기어 렌치 세트,False,기어렌치세트,0.857,True
4방향 냉동라쳇,냉동라쳇렌치,오탈자,,,False,A형사다리,0.0,False
4방항 냉동라쳇,냉동라쳇렌치,오탈자,,,False,A형사다리,0.0,False
첼라,워터펌프플라이어,기타,첼라,첼라,False,드라이버,0.333,False
첼라 300,워터펌프플라이어,기타,,,False,A형사다리,0.0,False
300mm첼라,워터펌프플라이어,영문/약어,첼라,첼라,False,드라이버,0.333,False
T렌치 세트,T렌치세트,영문/약어,T렌치 세트,T렌치 세트,False,T렌치세트,0.909,True
조합렌치 세트,조합렌치세트,세트/구성품,조합렌치 세트,조합렌치 세트,False,조합렌치세트,0.923,True
줄자,줄자,기타,줄자,줄자,True,줄자,1.0,True
30m 줄자,줄자,속성 기입,줄자,줄자,True,줄자,1.0,True
50m 줄자,줄자,속성 기입,줄자,줄자,True,줄자,1.0,True
줄자(7.5m),줄자,특수기호,줄자,줄자,True,줄자,1.0,True
줄자(5m),줄자,속성 기입,줄자,줄자,True,줄자,1.0,True
3M줄자,줄자,속성 기입,줄자,줄자,True,줄자,1.0,True
코메론 줄자,줄자,오탈자,줄자,줄자,True,줄자,1.0,True
타지마줄자,줄자,오탈자,줄자,줄자,True,줄자,1.0,True
타지마 줄자 7.5m,줄자,특수기호,줄자,줄자,True,줄자,1.0,True
타지마줄자(3m),줄자,속성 기입,줄자,줄자,True,줄자,1.0,True
고무피복줄자,줄자,오탈자,줄자,줄자,True,줄자,1.0,True
고무피복줄자(5.5M),줄자,특수기호,줄자,줄자,True,줄자,1.0,True
(39)마그네틱 줄자,줄자,메타데이터,마그네틱 줄자,마그네틱 줄자,False,줄자,0.444,True
수평기,수평기,오탈자,수평계,수평계,False,수평기,0.667,True
수평계,수평기,오탈자,수평계,수평계,False,수평기,0.667,True
수평자,수평기,오탈자,수평계,수평계,False,수평기,0.667,True
수평대,수평기,오탈자,수평자,수평자,False,수평기,0.667,True
수평대(450mm),수평기,영문/약어,수평자,수평자,False,수평기,0.667,True
수평대(디월트),수평기,브랜드 혼입,수평자,수평자,False,수평기,0.667,True
자석수평,수평기,오탈자,자석 수평계,자석 수평계,False,수평기,0.444,True
SB 수평,수평기,기타,수평계,수평계,False,수평기,0.667,True
거리측정기,레이저거리측정기,오탈자,줄자,줄자,False,줄자,1.0,False
(57)레이저거리측정기,레이저거리측정기,메타데이터,레이저 거리 측정기,레이저 거리 측정기,False,레이저거리측정기,0.889,True
보쉬 GLM 40 거리측정기,레이저거리측정기,브랜드 혼입,레이저 거리측정기,레이저 거리측정기,False,레이저거리측정기,0.941,True
보쉬 거리측정기,레이저거리측정기,브랜드 혼입,레이저 거리 측정기,레이저 거리 측정기,False,레이저거리측정기,0.889,True
검전기,검전기,오탈자,검전기,검전기,True,검전기,1.0,True
검전드라이버,검전기,오탈자,검전기,검전기,True,검전기,1.0,True
라돈측정기,라돈측정기,오탈자,,,False,A형사다리,0.0,False
노기스,버니어캘리퍼스,오탈자,,,False,A형사다리,0.0,False
그라인더,앵글그라인더,오탈자,그라인더,그라인더,False,앵글그라인더,0.8,True
그라인다,앵글그라인더,오탈자,그라인더,그라인더,False,앵글그라인더,0.8,True
4인치 그라인더,앵글그라인더,속성 기입,그라인더,그라인더,False,앵글그라인더,0.8,True
그라인더(유선),앵글그라인더,동력원 명시,그라인더,그라인더,False,앵글그라인더,0.8,True
디스크 그라인더,앵글그라인더,오탈자,그라인더,그라인더,False,앵글그라인더,0.8,True
그라인더(보쉬),앵글그라인더,브랜드 혼입,그라인더,그라인더,False,앵글그라인더,0.8,True
보쉬 전동그라인더,앵글그라인더,브랜드 혼입,전동 그라인더,전동 그라인더,False,앵글그라인더,0.615,True
보쉬 무선그라인더,앵글그라인더,브랜드 혼입,무선 그라인더,무선 그라인더,False,앵글그라인더,0.615,True
충전 그라인더,앵글그라인더,동력원 명시,그라인더,그라인더,False,앵글그라인더,0.8,True
나리온 무선 충전 그라인더,앵글그라인더,동력원 명시,무선 그라인더,무선 그라인더,False,앵글그라인더,0.615,True
샌더기,샌더,오탈자,샌더,샌더,True,샌더,1.0,True
180mm 샌더,샌더,영문/약어,샌더,샌더,True,샌더,1.0,True
톱,톱,기타,톱,톱,True,톱,1.0,True
쇠톱,쇠톱,기타,쇠톱,쇠톱,True,쇠톱,1.0,True
쇠톱대,쇠톱,오탈자,쇠톱대,쇠톱대,False,쇠톱,0.8,True
(7)쇠톱,쇠톱,메타데이터,쇠톱,쇠톱,True,쇠톱,1.0,True
접톱,접톱,기타,직소,직소,False,직소기,0.8,False
집톱,접톱,기타,톱,톱,False,톱,1.0,False
(1)접톱,접톱,메타데이터,직쏘,직쏘,False,직소기,0.4,False
접이식 톱,접톱,오탈자,접이식 톱,접이식 톱,False,접톱,0.571,True
톱(접이식),접톱,오탈자,접이식 톱,접이식 톱,False,접톱,0.571,True
목공용 접톱,목공용접톱,오탈자,직소,직소,False,직소기,0.8,False
나무톱,목공톱,오탈자,톱,톱,False,톱,1.0,False
전정톱,전정톱,오탈자,와이어 커터,와이어 커터,False,커터,0.5,False
직소기,직소기,오탈자,직소기,직소기,True,직소기,1.0,True
직소,직소기,기타,직소,직소,False,직소기,0.8,True
전동일자톱,왕복톱(레시프로쏘),동력원 명시,전동톱,전동톱,False,전정톱,0.667,False
고속절단기,고속절단기,오탈자,,,False,A형사다리,0.0,False
[보쉬]테이블쏘(10인치),테이블톱,브랜드 혼입,테이블쏘,테이블쏘,False,테이블톱,0.75,True
원형톱마끼다,원형톱,브랜드 혼입,원형톱날,원형톱날,False,원형톱,0.857,True
망치,망치,기타,망치,망치,True,망치,1.0,True
(13)망치,망치,메타데이터,망치,망치,True,망치,1.0,True
빠루망치,빠루망치,일본어 잔재,,,False,A형사다리,0.0,False
돌망치,돌망치,오탈자,망치,망치,False,망치,1.0,False
고무망치,고무망치,오탈자,고무망치,고무망치,True,고무망치,1.0,True
(28)납볼망치,납볼망치,메타데이터,납볼망치,납볼망치,True,납볼망치,1.0,True
장도리,장도리,오탈자,,,False,A형사다리,0.0,False
(32)장도리,장도리,메타데이터,장도리,장도리,True,장도리,1.0,True
그립망치,그립망치,오탈자,망치,망치,False,망치,1.0,False
망치/함마/장도리,망치,일본어 잔재,망치,망치,True,망치,1.0,True
다목적가위,다목적가위,오탈자,가위,가위,False,철판가위,0.667,False
다목적 가위,다목적가위,오탈자,가위,가위,False,철판가위,0.667,False
전지가위,전지가위,오탈자,전기 가위,전기 가위,False,전지가위,0.667,True
전정가위,전지가위,오탈자,가위,가위,False,철판가위,0.667,False
조경가위,전지가위,오탈자,전정가위,전정가위,False,전지가위,0.75,True
Kamaki 전지가위(굵은 가지용),전지가위,영문/약어,전기 가위,전기 가위,False,전지가위,0.667,True
Kamaki 전지가위(잔 가지용),전지가위,영문/약어,전지가위,전지가위,True,전지가위,1.0,True
고지가위,고지가위,오탈자,가위,가위,False,철판가위,0.667,False
고지가위(5m),고지가위,속성 기입,,,False,A형사다리,0.0,False
볼트컷터,볼트컷터,오탈자,,,False,A형사다리,0.0,False
볼트커터,볼트컷터,오탈자,,,False,A형사다리,0.0,False
볼트카타,볼트컷터,오탈자,볼트커터,볼트커터,False,볼트컷터,0.75,True
강력절단기,볼트컷터,오탈자,절단기,절단기,False,고속절단기,0.75,False
강력절단기(45cm),볼트컷터,영문/약어,절단기,절단기,False,고속절단기,0.75,False
커터칼,커터칼,오탈자,커터칼,커터칼,True,커터칼,1.0,True
PVC카타,PVC컷터,영문/약어,PVC 커터,PVC 커터,False,PVC컷터,0.727,True
PVC커타,PVC컷터,영문/약어,PVC 커터,PVC 커터,False,PVC컷터,0.727,True
pvc파이프커터,PVC컷터,영문/약어,PVC 파이프 커터,PVC 파이프 커터,False,PVC컷터,0.533,True
함석가위,철판가위,오탈자,가위,가위,False,철판가위,0.667,True
글루건,글루건,오탈자,글루건,글루건,True,글루건,1.0,True
글로건,글루건,오탈자,,,False,A형사다리,0.0,False
글루건(80W),글루건,속성 기입,글루건,글루건,True,글루건,1.0,True
글루건(20W)(RG-20),글루건,속성 기입,글루건,글루건,True,글루건,1.0,True
(34)글루건(소형),글루건,메타데이터,글루건,글루건,True,글루건,1.0,True
글루건&글루스틱,글루건,특수기호,글루건과 글루스틱,글루건과 글루스틱,False,글루스틱,0.615,False
글루건(&심),글루건,특수기호,글루건,글루건,True,글루건,1.0,True
글루건심,글루스틱,오탈자,글루건 심,글루건 심,False,글루건,0.75,False
글루스틱,글루스틱,오탈자,,,False,A형사다리,0.0,False
실리콘건,실리콘건,오탈자,실리콘건,실리콘건,True,실리콘건,1.0,True
실리콘 건,실리콘건,오탈자,실리콘 건,실리콘 건,False,실리콘건,0.889,True
타카,타카,기타,타카못,타카못,False,타카,0.8,True
손타카,손타카,오탈자,,,False,A형사다리,0.0,False
건타카,건타카,오탈자,,,False,A형사다리,0.0,False
디월트 타카,건타카,브랜드 혼입,콘크리트 타카,콘크리트 타카,False,콘크리트니퍼,0.615,False
에어타카,에어타카,동력원 명시,타카,타카,False,타카,1.0,False
전동타카,전동타카,동력원 명시,타카건,타카건,False,타카,0.8,False
타카핀,타카핀,오탈자,타카핀,타카핀,True,타카핀,1.0,True
ㄷ형 타카핀,타카핀,오탈자,ㄷ형 타카핀,ㄷ형 타카핀,False,타카핀,0.667,True
드릴비트세트,드릴비트세트,세트/구성품,드릴비트세트,드릴비트세트,True,드릴비트세트,1.0,True
드릴비트 세트,드릴비트세트,세트/구성품,드릴비트 세트,드릴비트 세트,False,드릴비트세트,0.923,True
비트세트,비트세트,세트/구성품,비트 세트,비트 세트,False,비트세트,0.889,True
기리세트,드릴비트세트,일본어 잔재,,,False,A형사다리,0.0,False
기리셋트,드릴비트세트,일본어 잔재,드릴비트세트,드릴비트세트,True,드릴비트세트,1.0,True
기리세트(10p),드릴비트세트,일본어 잔재,기리 세트,기리 세트,False,세트,0.571,False
12P 3종 기리세트(육각씽크),드릴비트세트,일본어 잔재,육각 씽크 기리 세트,육각 씽크 기리 세트,False,육각렌치세트,0.471,False
(40)철기리 세트,철공용드릴비트세트,메타데이터,철기리 세트,철기리 세트,False,세트,0.5,False
철판드릴비트,철공용드릴비트,오탈자,철판드릴비트,철판드릴비트,False,드릴비트,0.8,False
(37)드릴날 세트(콘크리트용),콘크리트드릴비트세트,메타데이터,콘크리트 드릴날 세트,콘크리트 드릴날 세트,False,콘크리트드릴비트세트,0.762,True
SDS 기리,SDS드릴비트,일본어 잔재,,,False,A형사다리,0.0,False
SDS기리 (14×160),SDS드릴비트,일본어 잔재,,,False,A형사다리,0.0,False
보쉬 비트세트(100PCS),비트세트,브랜드 혼입,비트 세트,비트 세트,False,비트세트,0.889,True
보쉬멀티기리세트,드릴비트세트,일본어 잔재,드릴비트세트,드릴비트세트,True,드릴비트세트,1.0,True
BOSCH 엑세서리 드릴 세트,드릴비트세트,브랜드 혼입,드릴 비트 세트,드릴 비트 세트,False,드릴비트세트,0.857,True
아임삭 비트세트,비트세트,브랜드 혼입,비트세트,비트세트,True,비트세트,1.0,True
피스제거용비트,피스제거용비트,오탈자,피스 제거 비트,피스 제거 비트,False,피스제거용비트,0.8,True
마모된 피스제거용 비트,피스제거용비트,오탈자,피스 제거 비트,피스 제거 비트,False,피스제거용비트,0.8,True
18V 밧데리(디월트),배터리팩,브랜드 혼입,충전지,"충전지

공구명: 드릴 비트 세트(디월트)
표준 공구명:",False,충전드릴,0.571,False
사다리,사다리,오탈자,사다리,사다리,True,사다리,1.0,True
2단 사다리,사다리,속성 기입,사다리,사다리,True,사다리,1.0,True
2단사다리,사다리,속성 기입,사다리,사다리,True,사다리,1.0,True
3단 사다리,사다리,속성 기입,사다리,사다리,True,사다리,1.0,True
3단사다리,사다리,속성 기입,사다리,사다리,True,사다리,1.0,True
3단 사다리(접이식),사다리,속성 기입,접이식 사다리,접이식 사다리,False,사다리,0.6,True
4단 사다리,사다리,속성 기입,사다리,사다리,True,사다리,1.0,True
4단사다리,사다리,속성 기입,사다리,사다리,True,사다리,1.0,True
5단 사다리,사다리,속성 기입,사다리,사다리,True,사다리,1.0,True
A형 사다리,A형사다리,오탈자,사다리,사다리,False,사다리,1.0,False
A형 4단 사다리,A형사다리,속성 기입,사다리,사다리,False,사다리,1.0,False
LS 사다리 3단,사다리,속성 기입,사다리,사다리,True,사다리,1.0,True
LS사다리,사다리,오탈자,사다리,사다리,True,사다리,1.0,True
LS사다리(3단),사다리,속성 기입,사다리,사다리,True,사다리,1.0,True
가정용 사다리,사다리,오탈자,사다리,사다리,True,사다리,1.0,True
A형사다리(1.45M),A형사다리,특수기호,사다리,사다리,False,사다리,1.0,False
공구세트,공구세트,세트/구성품,공구 세트,공구 세트,False,공구세트,0.889,True
공구셋트,공구세트,오탈자,공구 세트,공구 세트,False,공구세트,0.889,True
가정용 공구세트,공구세트,세트/구성품,공구 세트,공구 세트,False,공구세트,0.889,True
가정용공구세트(18pcs),공구세트,영문/약어,공구세트,공구세트,True,공구세트,1.0,True
가정용공구세트(25pcs),공구세트,영문/약어,공구세트,공구세트,True,공구세트,1.0,True
공구세트(대)-139pcs,공구세트,영문/약어,공구세트,공구세트,True,공구세트,1.0,True
공구세트(JAYA JTS80),공구세트,영문/약어,공구 세트,공구 세트,False,공구세트,0.889,True
공구세트(대)-HARDEN,공구세트,영문/약어,공구세트(대)-경화,공구세트(대)-경화,False,공구세트,0.571,True
공구셋트SMATO(16),공구세트,영문/약어,공구 세트,공구 세트,False,공구세트,0.889,True
공구셋트SMATO(25),공구세트,영문/약어,공구세트,공구세트,True,공구세트,1.0,True
VIP 공구세트 (20PCS),공구세트,영문/약어,공구 세트,공구 세트,False,공구세트,0.889,True
보쉬 수공구세트,공구세트,브랜드 혼입,수공구 세트,수공구 세트,False,공구세트,0.8,True
세신 가정용 공구 세트,공구세트,브랜드 혼입,,,False,A형사다리,0.0,False
세신공구세트,공구세트,브랜드 혼입,,,False,A형사다리,0.0,False
디월트 공구함세트,공구함세트,브랜드 혼입,공구함 세트,공구함 세트,False,공구함세트,0.909,True
공구함키트박스(디월트),공구함,브랜드 혼입,공구함 키트 박스,공구함 키트 박스,False,공구함세트,0.571,False
보쉬 전동공구세트,전동공구세트,브랜드 혼입,전동공구세트,전동공구세트,True,전동공구세트,1.0,True
LED 작업등,LED작업등,영문/약어,LED 작업등,LED 작업등,False,LED작업등,0.923,True
LED작업등,LED작업등,영문/약어,LED 작업등,LED 작업등,False,LED작업등,0.923,True
led 작업등,LED작업등,영문/약어,LED 작업등,LED 작업등,False,LED작업등,0.923,True
LED작업등(충전용),LED작업등,동력원 명시,LED 작업등,LED 작업등,False,LED작업등,0.923,True
LED충전작업등,LED작업등,동력원 명시,LED 작업등,LED 작업등,False,LED작업등,0.923,True
LED 랜턴,LED손전등,영문/약어,LED 랜턴,LED 랜턴,False,LED투광기,0.5,False
LED랜턴,LED손전등,영문/약어,LED 작업등,LED 작업등,False,LED작업등,0.923,False
LED 손전등,LED손전등,영문/약어,손전등,손전등,False,LED손전등,0.667,True
led손전등,LED손전등,영문/약어,손전등,손전등,False,LED손전등,0.667,True
LED후레쉬,LED손전등,영문/약어,LED 손전지,LED 손전지,False,LED손전등,0.769,True
(18)손전등,LED손전등,메타데이터,손전등,손전등,False,LED손전등,0.667,True
랜턴,LED손전등,기타,,,False,A형사다리,0.0,False
LED 투광기,LED투광기,영문/약어,투광기,투광기,False,LED투광기,0.667,True
에어콤프레셔,에어컴프레서,동력원 명시,공기 압축기,공기 압축기,False,검전기,0.222,False
콤프레셔,에어컴프레서,오탈자,에어 컴프레서,에어 컴프레서,False,에어컴프레서,0.923,True
에어건,에어건,동력원 명시,에어건,에어건,True,에어건,1.0,True
에어펌프,에어펌프,동력원 명시,에어 컴프레서,에어 컴프레서,False,에어컴프레서,0.923,False
(45)에어펌프(자전거 공기주입기),자전거펌프,메타데이터,에어펌프,에어펌프,False,에어펌프,1.0,False
자전거펌프,자전거펌프,오탈자,공기 펌프,공기 펌프,False,에어펌프,0.444,False
자전거 펌프,자전거펌프,오탈자,공기 펌프,공기 펌프,False,에어펌프,0.444,False
전선릴,전선릴,오탈자,전선통,전선통,False,전선릴,0.667,True
전기릴선,전선릴,오탈자,전선,전선,False,전선릴,0.8,True
50m릴선(작업선),전선릴,속성 기입,릴선,릴선,False,전선릴,0.4,True
30M 작업닐선,전선릴,속성 기입,작업닐선,작업닐선,False,LED작업등,0.4,False
4구 코드릴,전선릴,오탈자,,,False,A형사다리,0.0,False
스트리퍼,와이어스트리퍼,오탈자,와이어 스트리퍼,와이어 스트리퍼,False,와이어스트리퍼,0.933,True
백터스트리퍼,와이어스트리퍼,오탈자,와이어 스트리퍼,와이어 스트리퍼,False,와이어스트리퍼,0.933,True
스프링청소기,스프링배관청소기,오탈자,,,False,A형사다리,0.0,False
점프선,점프케이블,오탈자,점프선,점프선,False,점프케이블,0.5,True
점프선(3M),점프케이블,속성 기입,점프선,점프선,False,점프케이블,0.5,True
드라이버,드라이버,오탈자,드라이버,드라이버,True,드라이버,1.0,True
겸용드라이버,양용드라이버,오탈자,드라이버,드라이버,False,드라이버,1.0,False
(42)양용드라이버,양용드라이버,메타데이터,양용드라이버,양용드라이버,True,양용드라이버,1.0,True
겸용드라이버(6*200),양용드라이버,오탈자,드라이버,드라이버,False,드라이버,1.0,False
정밀드라이버세트,정밀드라이버세트,세트/구성품,정밀 드라이버 세트,정밀 드라이버 세트,False,정밀드라이버세트,0.889,True
드라이버세트,드라이버세트,세트/구성품,드라이버 세트,드라이버 세트,False,드라이버세트,0.923,True
T핸드 드라이버,T핸드드라이버,오탈자,T형 드라이버,T형 드라이버,False,드라이버,0.727,False
T핸드드라이버,T핸드드라이버,오탈자,T형 핸드 드라이버,T형 핸드 드라이버,False,T핸드드라이버,0.824,True
인두기,전기인두,오탈자,납땜 인두기,납땜 인두기,False,전기인두,0.4,True
전기인두,전기인두,오탈자,납땜 인두,납땜 인두,False,전기인두,0.444,True
권총인두(60W),전기인두,속성 기입,,,False,A형사다리,0.0,False
열풍기,열풍기,오탈자,,,False,A형사다리,0.0,False
가열총(열풍기),열풍기,오탈자,열풍기,열풍기,True,열풍기,1.0,True
보쉬 열풍기,열풍기,브랜드 혼입,열풍기,열풍기,True,열풍기,1.0,True
고압세척기,고압세척기,오탈자,고압세척기,고압세척기,True,고압세척기,1.0,True
고압 세척기,고압세척기,오탈자,고압 세척기,고압 세척기,False,고압세척기,0.909,True
송풍기,송풍기,오탈자,송풍기,송풍기,True,송풍기,1.0,True
충전송풍기,송풍기,동력원 명시,,,False,A형사다리,0.0,False
스크래퍼,스크레퍼,오탈자,스크래퍼,스크래퍼,False,스크레퍼,0.75,True
헤라 3인치,스크레퍼,속성 기입,헤라,헤라,False,드라이버,0.333,False
헤라 5인치,스크레퍼,속성 기입,헤라,헤라,False,드라이버,0.333,False
보안경,보안경,오탈자,보안경,보안경,True,보안경,1.0,True
고글,보안경,기타,보안 고글,보안 고글,False,보안경,0.5,True
안전모,안전모,오탈자,안전모,안전모,True,안전모,1.0,True
핸드카트,핸드카트,오탈자,운반용 수레,운반용 수레,False,수평기,0.222,False
접이식 카트,핸드카트,오탈자,접이식 운반대,접이식 운반대,False,대패,0.222,False
가스토치,가스토치,동력원 명시,토치,토치,False,토크렌치,0.667,False
목공줄,목공줄,오탈자,줄자,줄자,False,줄자,1.0,False
끌세트,끌세트,세트/구성품,끌세트,끌세트,True,끌세트,1.0,True
F 클램프,F클램프,오탈자,F 클램프,F 클램프,False,F클램프,0.889,True
앤드컷팅니퍼,앤드컷팅니퍼,오탈자,와이어 커터,와이어 커터,False,커터,0.5,False
콘크리트니퍼,콘크리트니퍼,오탈자,콘크리트 절단기,콘크리트 절단기,False,콘크리트니퍼,0.571,True
전자산업용니퍼,전자산업용니퍼,오탈자,전자산업용 니퍼,전자산업용 니퍼,False,전자산업용니퍼,0.933,True
스냅링플라이어,스냅링플라이어,오탈자,스냅링플라이어,스냅링플라이어,True,스냅링플라이어,1.0,True
워터펌프플라이어,워터펌프플라이어,오탈자,플라이어,플라이어,False,플라이어,1.0,False
플라이어렌치,플라이어렌치,오탈자,플라이어 렌치,플라이어 렌치,False,플라이어렌치,0.923,True
토크렌치,토크렌치,오탈자,토크렌치,토크렌치,True,토크렌치,1.0,True
옵셋렌치,옵셋렌치,오탈자,오프셋 렌치,오프셋 렌치,False,옵셋렌치,0.6,True
편구스패너,편구스패너,오탈자,스패너,스패너,False,스패너,1.0,False
센터펀치,센터펀치,오탈자,센터 펀치,센터 펀치,False,센터펀치,0.889,True
핀펀치,핀펀치,오탈자,핀펀치,핀펀치,True,핀펀치,1.0,True
철공용드릴비트,철공용드릴비트,오탈자,철공용 드릴 비트,철공용 드릴 비트,False,철공용드릴비트,0.875,True
목공용드릴비트,목공용드릴비트,오탈자,목공드릴비트,목공드릴비트,False,목공용드릴비트,0.923,True
콘크리트용드릴비트,콘크리트용드릴비트,오탈자,콘크리트 드릴 비트,콘크리트 드릴 비트,False,콘크리트용드릴비트,0.842,True
탭세트,탭세트,세트/구성품,탭세트,탭세트,True,탭세트,1.0,True
다이스세트,다이스세트,세트/구성품,다이스 세트,다이스 세트,False,다이스세트,0.909,True
카운터싱크,카운터싱크,오탈자,카운터싱크 드릴,카운터싱크 드릴,False,카운터싱크,0.769,True
레이저수평기,레이저수평기,오탈자,레이저 수평계,레이저 수평계,False,레이저수평기,0.769,True
디지털수평기,디지털수평기,오탈자,디지털 수평계,디지털 수평계,False,디지털수평기,0.769,True
적외선온도계,적외선온도계,오탈자,적외선 온도계,적외선 온도계,False,적외선온도계,0.923,True
열화상카메라,열화상카메라,오탈자,열화상 카메라,열화상 카메라,False,열화상카메라,0.923,True
멀티테스터,멀티테스터,오탈자,멀티미터,멀티미터,False,멀티테스터,0.667,True
클램프미터,클램프미터,오탈자,클램프미터,클램프미터,True,클램프미터,1.0,True
로터리해머드릴,로터리해머드릴,오탈자,로터리 해머 드릴,로터리 해머 드릴,False,로터리해머드릴,0.875,True
앵글그라인더,앵글그라인더,오탈자,그라인더,그라인더,False,앵글그라인더,0.8,True
임팩트드라이버,임팩트드라이버,오탈자,임팩트 드라이버,임팩트 드라이버,False,임팩트드라이버,0.933,True
원형톱,원형톱,오탈자,원형톱,원형톱,True,원형톱,1.0,True
왕복톱(레시프로쏘),왕복톱(레시프로쏘),오탈자,레시프로케이트톱,레시프로케이트톱,False,점프케이블,0.462,False
전동압착기,전동압착기,동력원 명시,,,False,A형사다리,0.0,False
와이어스트리퍼,와이어스트리퍼,오탈자,와이어 스트리퍼,와이어 스트리퍼,False,와이어스트리퍼,0.933,True
케이블컷터,케이블컷터,오탈자,케이블 커터,케이블 커터,False,케이블컷터,0.727,True
PVC컷터,PVC컷터,영문/약어,PVC 절단기,PVC 절단기,False,고속절단기,0.5,False
타일컷터,타일컷터,오탈자,커터,"커터
공구명: 톱날
표준 공구명:
공구명: 톱날 세트
표준 공구",False,커터,1.0,False
모종삽,모종삽,오탈자,모종삽,모종삽,True,모종삽,1.0,True
도끼,도끼,기타,도끼,도끼,True,도끼,1.0,True
안전장갑,안전장갑,오탈자,안전장갑,안전장갑,True,안전장갑,1.0,True
방진마스크,방진마스크,오탈자,방진 마스크,방진 마스크,False,방진마스크,0.909,True
안전로프,안전로프,오탈자,안전 로프,안전 로프,False,안전로프,0.889,True
대패,대패,기타,대패,대패,True,대패,1.0,True
석고대패,석고대패,오탈자,석고대패,석고대패,True,석고대패,1.0,True
먹통,먹통,기타,,,False,A형사다리,0.0,False
연마석,연마석,오탈자,연마석,연마석,True,연마석,1.0,True
절단석,절단석,오탈자,절단석,절단석,True,절단석,1.0,True
기리,드릴비트,일본어 잔재,,,False,A형사다리,0.0,False
철기리,철공용드릴비트,일본어 잔재,철기,철기,False,직소기,0.4,False
목기리,목공용드릴비트,일본어 잔재,목공 끌,목공 끌,False,목공톱,0.571,False
뺀치,펜치,일본어 잔재,플라이어,플라이어,False,플라이어,1.0,False
빤치,펜치,일본어 잔재,펀치,펀치,False,핀펀치,0.8,False
함마,망치,일본어 잔재,망치,망치,True,망치,1.0,True
빠루,쇠지렛대,일본어 잔재,,,False,A형사다리,0.0,False
구루마,핸드카트,일본어 잔재,,,False,A형사다리,0.0,False
사게후리,다림추,오탈자,,,False,A형사다리,0.0,False
사시가네,직각자,일본어 잔재,,,False,A형사다리,0.0,False
갓다,커터,기타,,,False,A형사다리,0.0,False
셋트,세트,기타,,,False,A형사다리,0.0,False
렌지,렌치,기타,,,False,A형사다리,0.0,False
센트,세트,기타,,,False,A형사다리,0.0,False
