Original_Name,SubCategories,Categories
180mm 샌더,샌더/대패,전동공구
LED 손전등,기타 일반공구,일반공구
경랑몽키(8인치),몽키/렌치/스패너,일반공구
고압세척기,기타공구,기타공구
바이스플라이어,니퍼/펜치/플라이어,일반공구
보쉬 pushdrive,전동드라이버,전동공구
보쉬 수공구세트,공구세트,일반공구
임팩트 진동드릴,전동드릴,전동공구
저소음 컴프레서,에어건/콤프레셔,전동공구
"전동드릴(무선, 보쉬)",전동공구세트,전동공구
충전 드라이버/렌치,전동드라이버,전동공구
충전 드라이버드릴,전동드릴,전동공구
충전 멀티커터,기타 전동공구,전동공구
(1)접톱,톱/낫/삽/원예공구,일반공구
(11)육각렌치,몽키/렌치/스패너,일반공구
(12)검전기,기타 전기제품,전동공구
(13)망치,망치/함마/장도리,일반공구
(14)커터칼,커터/절단공구,일반공구
(15)펜치,니퍼/펜치/플라이어,일반공구
(16)롱노우즈 플라이어(라디오펜치),니퍼/펜치/플라이어,일반공구
(17)스패너,몽키/렌치/스패너,일반공구
(18)손전등,기타 일반공구,일반공구
(19)소켓렌치 세트,몽키/렌치/스패너,일반공구
(20)유선 전동드릴,전동드릴,전동공구
"(20, 55)드릴비트세트",비트,전동공구
(22)수평계,자/측정공구,일반공구
(23)그라인더,그라인더,전동공구
"(24, 25)스패너(200mm)",몽키/렌치/스패너,일반공구
"(26, 27)스패너(300mm)",몽키/렌치/스패너,일반공구
(28)납볼망치,망치/함마/장도리,일반공구
(29)전지가위(소형),톱/낫/삽/원예공구,일반공구
(3)만능렌치,몽키/렌치/스패너,일반공구
(30)펀칭기,기타 일반공구,일반공구
(31)손타카 소형,타카/접착용품,일반공구
(32)장도리,망치/함마/장도리,일반공구
(33)실리콘건,기타 전기제품,전동공구
(34)글루건(소형),기타 전기제품,전동공구
(35)정밀드라이버세트,드라이버,일반공구
(36) 유선햄머전동드릴(콘크리트용),해머드릴,전동공구
(37)드릴날 세트(콘크리트용),비트,전동공구
(39)마그네틱 줄자,자/측정공구,일반공구
(4)락킹 플라이어(바이스그립),니퍼/펜치/플라이어,일반공구
(40)철기리 세트,비트,전동공구
(41)조합렌치 세트,몽키/렌치/스패너,일반공구
(42)양용드라이버,드라이버,일반공구
(43)검전기,기타 전기제품,전동공구
(44)육각렌치세트,몽키/렌치/스패너,일반공구
(45)에어펌프(자전거 공기주입기),에어건/콤프레셔,전동공구
(46)플라이어,니퍼/펜치/플라이어,일반공구
(47)쇠톱,톱/낫/삽/원예공구,일반공구
(48)정밀드라이버세트,드라이버,일반공구
(49)유선전동드릴(상자),전동드릴,전동공구
(5)니퍼,니퍼/펜치/플라이어,일반공구
(50)에어콤프레셔,에어건/콤프레셔,전동공구
(51)에어타카,에어건/콤프레셔,전동공구
(52)에어타카,에어건/콤프레셔,전동공구
(53)에어타카,에어건/콤프레셔,전동공구
(54)미니충전전동드릴,전동드릴,전동공구
(56)바이스플라이어(5인치),니퍼/펜치/플라이어,일반공구
(57)레이저거리측정기,기타공구,기타공구
(58)해머 드릴비트세트,비트,전동공구
(59)접톱 2,톱/낫/삽/원예공구,일반공구
(6)줄자,자/측정공구,일반공구
(7)쇠톱,톱/낫/삽/원예공구,일반공구
(8)전선릴,전선릴,전동공구
(9)핸드톱,톱/낫/삽/원예공구,일반공구
(불가),타카/접착용품,일반공구
(불가)다카핀,타카/접착용품,일반공구
(불가)소켓렌치세트,몽키/렌치/스패너,일반공구
(불가)스크류 드라이버 비트세트,못/나사/철사,일반공구
(불가)육각 기리세트,못/나사/철사,일반공구
(불가)일자드라이버,드라이버,일반공구
.몽키스패너200mm,몽키/렌치/스패너,일반공구
.몽키스패너300mm,몽키/렌치/스패너,일반공구
12P 3종 기리세트(육각씽크),기타공구,기타공구
12인치 몽키스패너,몽키/렌치/스패너,일반공구
13RE,해머드릴,전동공구
18V 밧데리(디월트),전동공구세트,전동공구
1단 사다리,사다리,일반공구
250 세신 파이프렌치,몽키/렌치/스패너,일반공구
2단 사다리,기타공구,기타공구
2단 스크래퍼,청소용품,생활용품
2단 양손가위(K-5100),커터/절단공구,일반공구
2단사다리,사다리,일반공구
3.6v 전동드라이버,전동드라이버,전동공구
300mm첼라,기타 일반공구,일반공구
30M 작업닐선,전선릴,전동공구
30m 줄자,자/측정공구,일반공구
30m작업닐선,전선릴,전동공구
3M줄자,자/측정공구,일반공구
3공펀치,기타 일반공구,일반공구
3단 사다리,기타 생활용품,생활용품
3단 사다리(접이식),사다리,일반공구
3단매트,기타 생활용품,생활용품
3단사다리,기타공구,기타공구
3단핸드카트,바퀴/핸드카,일반공구
4구 코드릴,전선릴,전동공구
4단 A형사다리,사다리,일반공구
4단 사다리,사다리,일반공구
4단 접이식 사다리,사다리,일반공구
4단사다리,기타공구,기타공구
4단접이식사다리(다목적용),사다리,일반공구
4방항 냉동라쳇,기타 일반공구,일반공구
4방향 냉동라쳇,기타공구,기타공구
4인용파라솔세트,행사용품,생활용품
4인치 그라인더,그라인더,전동공구
4인치 절단석(A형),기타 일반공구,일반공구
50m 줄자,기타공구,기타공구
50m릴선(작업선),전선릴,전동공구
5단 사다리,사다리,일반공구
6각 렌치,몽키/렌치/스패너,일반공구
6각 링고리 세트,기타 일반공구,일반공구
6각렌치세트 1개,몽키/렌치/스패너,일반공구
6각렌치세트 9개,몽키/렌치/스패너,일반공구
6단 사다리,사다리,일반공구
8인치 펜치,니퍼/펜치/플라이어,일반공구
8피스 플라이어세트,니퍼/펜치/플라이어,일반공구
?드펌프,기타 일반공구,일반공구
?치,니퍼/펜치/플라이어,일반공구
A형 4단 사다리,사다리,일반공구
A형 6단 사다리,사다리,일반공구
A형 사다리,사다리,일반공구
A형사다리(1.45M),사다리,일반공구
BOMANN 전동드릴,전동공구세트,전동공구
BOSCH GSB18V-21,전동공구세트,전동공구
BOSCH Professional 전동드라이브,전동드릴,전동공구
BOSCH 엑세서리 드릴 세트,기타 일반공구,일반공구
BOSCH 전동드릴,전동드릴,전동공구
F 클램프,바이스/클램프,일반공구
HSS쇠톱날,톱/낫/삽/원예공구,일반공구
Kamaki 전지가위(굵은 가지용),톱/낫/삽/원예공구,일반공구
Kamaki 전지가위(잔 가지용),톱/낫/삽/원예공구,일반공구
LCD전자 현미경,기타공구,기타공구
LED 랜턴,캠핑용품,생활용품
LED 작업등,기타공구,기타공구
LED 투광기,기타 일반공구,일반공구
LED 포토박스,기타공구,기타공구
LED등,기타 일반공구,일반공구
LED랜턴,기타공구,기타공구
LED램프,기타 생활용품,생활용품
LED작업등,랜턴,전동공구
LED작업등(충전용),랜턴,전동공구
LED충전작업등,랜턴,전동공구
LED후레쉬,랜턴,전동공구
LS 사다리 3단,사다리,일반공구
LS사다리,사다리,일반공구
LS사다리(1),사다리,일반공구
LS사다리(3단),사다리,일반공구
L렌지세트,몽키/렌치/스패너,일반공구
L렌지셋트,몽키/렌치/스패너,일반공구
L렌치 세트,몽키/렌치/스패너,일반공구
L렌치세트,몽키/렌치/스패너,일반공구
L렌치세트(9pcs),몽키/렌치/스패너,일반공구
L형 랜치세트,몽키/렌치/스패너,일반공구
L형 렌치세트,몽키/렌치/스패너,일반공구
L형 렌치세트,몽키/렌치/스패너,일반공구
L형 렌치세트(9pcs),몽키/렌치/스패너,일반공구
L형 렌치센트,몽키/렌치/스패너,일반공구
N플러스 보행보조차,기타 생활용품,생활용품
OS-265,톱/낫/삽/원예공구,일반공구
PIPE렌치,몽키/렌치/스패너,일반공구
PVC 카타,커터/절단공구,일반공구
PVC카타,커터/절단공구,일반공구
PVC카터,커터/절단공구,일반공구
PVC커타,기타 일반공구,일반공구
PVC타카,타카/접착용품,일반공구
SB 수평,자/측정공구,일반공구
SDS 기리,기타공구,기타공구
SDS 앙카드릴,전동드릴,전동공구
SDS기리 (14×160),비트,전동공구
SDS기리 (17×210),비트,전동공구
SDS척,기타 일반공구,일반공구
T렌치 세트,몽키/렌치/스패너,일반공구
T자,기타 일반공구,일반공구
T핸드 드라이버,드라이버,일반공구
T핸드드라이버,드라이버,일반공구
T형 드라이버핸들,드라이버,일반공구
USB몰래카메라탐지기,기타 생활용품,생활용품
VIP 공구세트 (20PCS),공구세트,일반공구
X100Ti,비트,전동공구
[고장]그라인더,전동공구세트,전동공구
[보쉬]테이블쏘(10인치),전동절단/톱/직소,전동공구
bosch,전동공구세트,전동공구
bosch2(무선전동드릴),전동공구세트,전동공구
bosch3(무선전동드릴),전동공구세트,전동공구
led 작업등,기타공구,기타공구
led손전등,기타 생활용품,생활용품
pvc파이프커터,커터/절단공구,일반공구
ttc 펜치(6인치),니퍼/펜치/플라이어,일반공구
usb 충전식 드라이버,드라이버,일반공구
utp케이블타카,타카/접착용품,일반공구
ㄷ자형 타카,타카/접착용품,일반공구
ㄷ형 타카핀,기타공구,기타공구
가스 검지기,디지털가전,생활용품
가스 누설 측정기,자/측정공구,일반공구
가스검지기,기타 생활용품,생활용품
가스탐지기,자/측정공구,일반공구
가스토치,기타공구,기타공구
가스토치(휴대용) 1개,캠핑용품,생활용품
가열총(열풍기),기타공구,기타공구
가위,커터/절단공구,일반공구
가위(고지가위),톱/낫/삽/원예공구,일반공구
가위(다목적),커터/절단공구,일반공구
가위(양손),기타 전동공구,전동공구
가위(양손_)대(자루),커터/절단공구,일반공구
가위류,톱/낫/삽/원예공구,일반공구
가정?차량용 공구세트,공구세트,일반공구
가정사다리 3단,사다리,일반공구
가정용 공구 세트,공구세트,일반공구
가정용 공구세트,기타공구,기타공구
가정용 공구세트,기타공구,기타공구
가정용 공구세트 #25PCS,공구세트,일반공구
"가정용 공구세트 (예약시 전화주세요 02-2241-5084) 2박3일 1,000원",공구세트,일반공구
가정용 공구세트18pcs,공구세트,일반공구
가정용 공구세트20pcs,공구세트,일반공구
가정용 공구셋트 1개,공구세트,일반공구
가정용 기본공구세트,공구세트,일반공구
가정용 미니드릴 Set,전동공구세트,전동공구
가정용 사다,사다리,일반공구
가정용 사다리,사다리,일반공구
가정용 소형 드릴,전동드릴,전동공구
가정용 일반 2단사다리,사다리,일반공구
가정용 일반 3단사다리,사다리,일반공구
가정용 절단기,커터/절단공구,일반공구
가정용공구 세트,공구세트,일반공구
가정용공구세트,공구세트,일반공구
가정용공구세트(18pcs),공구세트,일반공구
가정용공구세트(25pcs),공구세트,일반공구
가정용공구셋트,공구세트,일반공구
가정용공구함세트,공구세트,일반공구
가정용사다리,사다리,일반공구
가정용일반공구세트,공구세트,일반공구
가정용전동공구세트,전동공구세트,전동공구
각도조절 작업용 LED 조명,기타 일반공구,일반공구
각도컷팅기(몰딩겸용),커터/절단공구,일반공구
각도톱,톱/낫/삽/원예공구,일반공구
각삽,톱/낫/삽/원예공구,일반공구
각삽(1),톱/낫/삽/원예공구,일반공구
갓다,커터/절단공구,일반공구
강력 절단기,커터/절단공구,일반공구
강력니퍼,니퍼/펜치/플라이어,일반공구
강력절단기,기타 생활용품,생활용품
강력절단기(45cm),커터/절단공구,일반공구
강력절단기45CM,커터/절단공구,일반공구
거리측정기,기타공구,기타공구
거짓말탐지기,기타공구,기타공구
건 타카,기타공구,기타공구
건습식 청소기(집진형),기타공구,기타공구
건식다리미,재봉공구,생활용품
건타카,기타공구,기타공구
건타카 AT-519 아펙스,기타 일반공구,일반공구
건타카(다기능),타카/접착용품,일반공구
건타카(다기능),타카/접착용품,일반공구
건타카(손타카),타카/접착용품,일반공구
건타카+타카핀,기타공구,기타공구
건타카+핀,타카/접착용품,일반공구
건타카/타카핀 추가시 개당 500원 추가,타카/접착용품,일반공구
건타카핀,타카/접착용품,일반공구
검전기,자/측정공구,일반공구
검전드라이버,기타 일반공구,일반공구
겸용드라이버,드라이버,일반공구
겸용드라이버(4150),,
겸용드라이버(6200),,
겸용해머드릴(GBH5-38X),해머드릴,전동공구
경광등,기타공구,기타공구
경랑첼라(10인치),기타 일반공구,일반공구
경랑첼라(12인치),기타 일반공구,일반공구
경량 몽키,몽키/렌치/스패너,일반공구
경량 몽키렌치,몽키/렌치/스패너,일반공구
경량몽키,기타공구,기타공구
경량몽키(10인치),몽키/렌치/스패너,일반공구
경량몽키(8인치),몽키/렌치/스패너,일반공구
경량몽키(칼라),몽키/렌치/스패너,일반공구
경량몽키렌치,몽키/렌치/스패너,일반공구
경량안전발판 3단,사다리,일반공구
계단용 수레,기타 생활용품,생활용품
계양임팩드릴,해머드릴,전동공구
계양전동드릴,전동드릴,전동공구
고글,기타 일반공구,일반공구
고글 (보안경),기타 일반공구,일반공구
고글(보안경),기타 일반공구,일반공구
고급 드라이버7종세트,드라이버,일반공구
고무 망치(중) 1개,망치/함마/장도리,일반공구
고무 피복줄자(7.2M25),,
고무롤러,기타공구,기타공구
고무망치,기타공구,기타공구
고무망치(검정),망치/함마/장도리,일반공구
고무압축기 1개,압축/오일,일반공구
고무양용드라이버,드라이버,일반공구
고무피복줄자,자/측정공구,일반공구
고무피복줄자,자/측정공구,일반공구
고무피복줄자(3),자/측정공구,일반공구
고무피복줄자(5.5M),자/측정공구,일반공구
고무피복줄자(7.5M),자/측정공구,일반공구
고무호스,청소용품,생활용품
고속스팀해빙기,기타 일반공구,일반공구
고속절단기,전동절단/톱/직소,전동공구
고압 세척기,기타공구,기타공구
"고압력 쌍발 발펌프(자동차,오토바이,자전거)",기타공구,기타공구
고압세척기,기타공구,기타공구
고압용세척기,기타 생활용품,생활용품
고전지가위,톱/낫/삽/원예공구,일반공구
고지가위,기타 일반공구,일반공구
고지가위(5m),톱/낫/삽/원예공구,일반공구
고프로,기타 생활용품,생활용품
곡선 전정톱,톱/낫/삽/원예공구,일반공구
곡선톱,목공/미장,일반공구
공간살균기,청소용품,생활용품
공구Box 1개,기타 일반공구,일반공구
공구가방세트(가정용) jaya,공구세트,일반공구
공구가위,커터/절단공구,일반공구
공구놀이세트,기타공구,기타공구
공구박스,공구세트,일반공구
공구박스 1개,기타 일반공구,일반공구
공구박스(대),기타 일반공구,일반공구
공구세트,기타공구,기타공구
공구세트,기타공구,기타공구
공구세트,기타공구,기타공구
공구세트 (12pcs),공구세트,일반공구
공구세트 16pcs,공구세트,일반공구
공구세트 1개,공구세트,일반공구
공구세트 1개(소켓 18개),몽키/렌치/스패너,일반공구
공구세트 25pcs,공구세트,일반공구
공구세트 2개,공구세트,일반공구
공구세트 3개,공구세트,일반공구
공구세트(1),공구세트,일반공구
공구세트(12종),공구세트,일반공구
공구세트(JAYA JTS80),공구세트,일반공구
공구세트(대),공구세트,일반공구
공구세트(대)-139pcs,공구세트,일반공구
공구세트(대)-HARDEN,공구세트,일반공구
공구세트(소),공구세트,일반공구
공구세트(소) JTS-14,공구세트,일반공구
공구세트(중),공구세트,일반공구
공구세트(중) JTS-20,공구세트,일반공구
공구세트3개,공구세트,일반공구
공구셋트,공구세트,일반공구
공구셋트 1개,공구세트,일반공구
공구셋트(16pcs)(1),공구세트,일반공구
"공구셋트(18pcs,5개)",공구세트,일반공구
공구셋트(25pcs)(1),공구세트,일반공구
"공구셋트(25pcs,5개)",공구세트,일반공구
공구셋트SMATO(16),공구세트,일반공구
공구셋트SMATO(25),공구세트,일반공구
공구주머니,기타 전동공구,전동공구
공구통,기타 일반공구,일반공구
공구함,기타공구,기타공구
공구함 키트 박스,기타 일반공구,일반공구
공구함(내용물 미포함),기타공구,기타공구
공구함(특4호) 420x220x210,기타 일반공구,일반공구
공구함세트,공구세트,일반공구
공구함키트박스(디월트),기타 일반공구,일반공구
공기오염측정기,디지털가전,생활용품
공업용 청소기,청소용품,생활용품
공예용니퍼 1개,니퍼/펜치/플라이어,일반공구
공유 우산,기타 생활용품,생활용품
공유(양)우산,기타 생활용품,생활용품
공유우산,기타공구,기타공구
공유우산,기타공구,기타공구
관통기,기타공구,기타공구
광폭몽키스패너,몽키/렌치/스패너,일반공구
교자상,기타 생활용품,생활용품
교체식 만능접톱,톱/낫/삽/원예공구,일반공구
교환식톱,톱/낫/삽/원예공구,일반공구
구급Box 1개,안전용품,전동공구
구두칼,기타 일반공구,일반공구
구르마,바퀴/핸드카,일반공구
구리스주입기,압축/오일,일반공구
구명조끼,기타 생활용품,생활용품
구자말이공구 1개,니퍼/펜치/플라이어,일반공구
굽은 노즈,니퍼/펜치/플라이어,일반공구
굽은 노즈 플라이어,니퍼/펜치/플라이어,일반공구
굽은 노즈플라이어,기타 일반공구,일반공구
굽은노즈플라이어,니퍼/펜치/플라이어,일반공구
굽은롱노우즈,니퍼/펜치/플라이어,일반공구
권총인두,용접/납공구,일반공구
권총인두(60W),용접/납공구,일반공구
권총인두(납땜기),용접/납공구,일반공구
그늘막모기장,캠핑용품,생활용품
그라인다,그라인더,전동공구
그라인더,기타공구,기타공구
그라인더,기타공구,기타공구
그라인더 (ACT-100SN),그라인더,전동공구
그라인더 1개,그라인더,전동공구
그라인더 GWS6-100,그라인더,전동공구
그라인더 날,그라인더,전동공구
그라인더 날(3m),그라인더,전동공구
그라인더 옵셋 (4인치),그라인더,전동공구
그라인더 절단석 (4인치),전동절단/톱/직소,전동공구
그라인더 페퍼,커터/절단공구,일반공구
"그라인더(100mm, 125mm)",그라인더,전동공구
그라인더(4″),그라인더,전동공구
그라인더(4인치 앵글),기타 전동공구,전동공구
그라인더(보쉬),그라인더,전동공구
그라인더(유선),그라인더,전동공구
그라인더3개,그라인더,전동공구
그라인더날,커터/절단공구,일반공구
그라인딩 휠백마,,
그립망치,망치/함마/장도리,일반공구
그립플라이어,니퍼/펜치/플라이어,일반공구
그립플라이어 4개,니퍼/펜치/플라이어,일반공구
글로건,타카/접착용품,일반공구
글로건 심,기타 일반공구,일반공구
글로건심,타카/접착용품,일반공구
글루건,기타공구,기타공구
글루건,기타공구,기타공구
글루건 1개,타카/접착용품,일반공구
글루건 건,기타공구,기타공구
글루건 심,기타공구,기타공구
글루건 핫멜트,타카/접착용품,일반공구
글루건&글루스틱,타카/접착용품,일반공구
글루건(&심),타카/접착용품,일반공구
글루건(20W)(RG-20),타카/접착용품,일반공구
글루건(80W),타카/접착용품,일반공구
글루건(AC-280A),타카/접착용품,일반공구
글루건(소모품포함),타카/접착용품,일반공구
글루건(심),타카/접착용품,일반공구
글루건(전기인두본드접착제),타카/접착용품,일반공구
글루건(플라스틱용기접지),타카/접착용품,일반공구
글루건+막대본드,기타공구,기타공구
"글루건, 핫멜트봉",기타공구,기타공구
글루건/막대본드 추가시 개당 500원,타카/접착용품,일반공구
글루건알,타카/접착용품,일반공구
글루건총,타카/접착용품,일반공구
글루건펜,타카/접착용품,일반공구
글루스틱,기타공구,기타공구
금속용 절단석,기타공구,기타공구
기계식드릴(1),전동드릴,전동공구
기리세트,기타 일반공구,일반공구
기리세트 1,기타 일반공구,일반공구
기리세트 2,기타 일반공구,일반공구
기리세트(10p),비트,전동공구
기리세트(계양용),기타공구,기타공구
"기리세트(드라이버,해머)",비트,전동공구
기리셋,비트,전동공구
기리셋트,기타 일반공구,일반공구
기리셋트 19PCS,비트,전동공구
기리셋트(10),비트,전동공구
기리종합세트,전동드릴,전동공구
기본철물종합세트,기타 일반공구,일반공구
기아렌치 1세트,몽키/렌치/스패너,일반공구
기어라쳇 렌치세트(9종),몽키/렌치/스패너,일반공구
기어라쳇렌치 세트,몽키/렌치/스패너,일반공구
기어렌치세트,몽키/렌치/스패너,일반공구
기타 일반공구,기타 일반공구,일반공구
길이조절 양손 전지가위,커터/절단공구,일반공구
김장매트,김장용품,생활용품
김장매트(대형),김장용품,생활용품
김장매트(중형),김장용품,생활용품
김장용매트,김장용품,생활용품
꼼짝마,기타 생활용품,생활용품
끌,목공/미장,일반공구
"끌(19,50mm)",목공/미장,일반공구
끌(19mm),목공/미장,일반공구
끌(22mm),목공/미장,일반공구
끌(38mm),목공/미장,일반공구
끌(50m),기타 일반공구,일반공구
끌(50mm),목공/미장,일반공구
끌(9m),기타 일반공구,일반공구
끌세트,목공/미장,일반공구
끌톱(알미늄 톱대),톱/낫/삽/원예공구,일반공구
나리온 무선 충전 그라인더,그라인더,전동공구
나무 빠루망치,망치/함마/장도리,일반공구
나무기리 셋트 1개,비트,전동공구
나무망치,망치/함마/장도리,일반공구
나무인두,용접/납공구,일반공구
나무톱,톱/낫/삽/원예공구,일반공구
나무톱 1개,톱/낫/삽/원예공구,일반공구
나무톱(1),톱/낫/삽/원예공구,일반공구
나무톱(2),톱/낫/삽/원예공구,일반공구
나사,못/나사/철사,일반공구
나사못세트,기타공구,기타공구
나사세트,못/나사/철사,일반공구
나사피스세트,못/나사/철사,일반공구
낙엽 송풍기,에어건/콤프레셔,전동공구
날개페퍼(4″),커터/절단공구,일반공구
납,용접/납공구,일반공구
납 인두,기타 전기제품,전동공구
납 인두기& 흡입기 등,기타공구,기타공구
납땜기,용접/납공구,일반공구
납볼 망치,망치/함마/장도리,일반공구
납볼망치,망치/함마/장도리,일반공구
낫,기타공구,기타공구
냉동라쳇,공구세트,일반공구
네모삽,톱/낫/삽/원예공구,일반공구
네일헤머,망치/함마/장도리,일반공구
노기스,자/측정공구,일반공구
노루발못뽑이,망치/함마/장도리,일반공구
노루발장도리,망치/함마/장도리,일반공구
노즈 플라이어,니퍼/펜치/플라이어,일반공구
농구공,기타 생활용품,생활용품
눈금자,자/측정공구,일반공구
뉴 경질 7~8인용 코펠,캠핑용품,생활용품
니퍼,기타공구,기타공구
니퍼,기타공구,기타공구
니퍼 (150mm),니퍼/펜치/플라이어,일반공구
니퍼 1개,니퍼/펜치/플라이어,일반공구
니퍼 2개,니퍼/펜치/플라이어,일반공구
니퍼 5개,니퍼/펜치/플라이어,일반공구
니퍼 6,니퍼/펜치/플라이어,일반공구
니퍼 6″,니퍼/펜치/플라이어,일반공구
니퍼 6인치,니퍼/펜치/플라이어,일반공구
니퍼 7,니퍼/펜치/플라이어,일반공구
니퍼 7'' 2개,니퍼/펜치/플라이어,일반공구
니퍼(1),니퍼/펜치/플라이어,일반공구
"니퍼(180mm,200mm)",니퍼/펜치/플라이어,일반공구
니퍼(2),니퍼/펜치/플라이어,일반공구
니퍼(6#),니퍼/펜치/플라이어,일반공구
니퍼(6'') 1개,니퍼/펜치/플라이어,일반공구
니퍼(6) 3개,니퍼/펜치/플라이어,일반공구
니퍼(6″),니퍼/펜치/플라이어,일반공구
니퍼(6인치),니퍼/펜치/플라이어,일반공구
니퍼(7inch),니퍼/펜치/플라이어,일반공구
니퍼(7인치),니퍼/펜치/플라이어,일반공구
니퍼(8인치),니퍼/펜치/플라이어,일반공구
"니퍼, 펜치",니퍼/펜치/플라이어,일반공구
니퍼/펜치/플라이어,니퍼/펜치/플라이어,일반공구
니퍼2706,니퍼/펜치/플라이어,일반공구
니퍼2개,니퍼/펜치/플라이어,일반공구
니퍼6＂,니퍼/펜치/플라이어,일반공구
니퍼7＂,니퍼/펜치/플라이어,일반공구
니퍼8인치,니퍼/펜치/플라이어,일반공구
니퍼빅터,니퍼/펜치/플라이어,일반공구
닌텐도 게임팩 JUST DANCE,디지털가전,생활용품
닌텐도 게임팩 동물의 숲,디지털가전,생활용품
닌텐도 게임팩 마리오와 소닉 2020 도쿄 올림픽,기타 생활용품,생활용품
닌텐도 게임팩 슈퍼마리오 U디럭스,기타 생활용품,생활용품
닌텐도 게임팩 슈퍼마리오 디럭스8,기타 생활용품,생활용품
닌텐도 게임팩 슈퍼마리오 파티,디지털가전,생활용품
닌텐도 게임팩 테니스 에이스,기타 생활용품,생활용품
닌텐도 게임팩 피파21,디지털가전,생활용품
닌텐도게임칩,디지털가전,생활용품
닌텐도스위치,디지털가전,생활용품
닐선,전선릴,전동공구
다가네드라이버,드라이버,일반공구
다기능 안전건타카,타카/접착용품,일반공구
다기능 탐지기,기타 생활용품,생활용품
다기능실리콘건,타카/접착용품,일반공구
다기능안전건타카,타카/접착용품,일반공구
다목적 가위,기타공구,기타공구
다목적 가위,기타공구,기타공구
다목적 가위 P-300,커터/절단공구,일반공구
다목적 가위(P-220),커터/절단공구,일반공구
다목적 공구세트,전동공구세트,전동공구
다목적 드릴비트 세트,공구세트,일반공구
다목적 드릴비트(육각),기타공구,기타공구
다목적 드릴비트세트,공구세트,일반공구
다목적 비트세트,기타 일반공구,일반공구
다목적 전지가위(양손),커터/절단공구,일반공구
다목적가위,기타공구,기타공구
다목적가위(190MM),커터/절단공구,일반공구
다목적가위(190mm),커터/절단공구,일반공구
다목적가위(소),커터/절단공구,일반공구
다목적드릴비트세트,기타공구,기타공구
다목적드릴비트세트(100PCS),비트,전동공구
다목적드릴비트세트(33PCS),비트,전동공구
다목적드릴비트세트(33pcs),기타 일반공구,일반공구
다목적드릴비트세트(50PCS),비트,전동공구
다목적드릴비트세트(TIN-338),기타 일반공구,일반공구
다용도 공구세트,기타공구,기타공구
다용도 매직렌치,몽키/렌치/스패너,일반공구
다용도 미니 조명,기타공구,기타공구
다용도 전지가위,커터/절단공구,일반공구
다용도 톱,톱/낫/삽/원예공구,일반공구
다용도가위,커터/절단공구,일반공구
다용도톱,톱/낫/삽/원예공구,일반공구
다운트랜스 2개,기타 전기제품,전동공구
다이아타입 플라이어,니퍼/펜치/플라이어,일반공구
단렌치,몽키/렌치/스패너,일반공구
단면톱,톱/낫/삽/원예공구,일반공구
단용드라이버(6인치),드라이버,일반공구
단일지향 미니마이크,기타공구,기타공구
대각커팅니퍼,니퍼/펜치/플라이어,일반공구
대드라이버,드라이버,일반공구
대여용 장바구니 캐리어,기타 생활용품,생활용품
대일손타카(8mm),타카/접착용품,일반공구
대진스프링청소기,청소용품,생활용품
대차,기타공구,기타공구
대차(P),바퀴/핸드카,일반공구
대타카(CT-64),타카/접착용품,일반공구
대톱,톱/낫/삽/원예공구,일반공구
대패,목공/미장,일반공구
대형고무대야 2,김장용품,생활용품
대형줄자(50m),자/측정공구,일반공구
더블디40,압축/오일,일반공구
덤벨 세트,기타 생활용품,생활용품
데크트럭,바퀴/핸드카,일반공구
데크트럭(대차),바퀴/핸드카,일반공구
도끼,기타 일반공구,일반공구
도배 사다리,사다리,일반공구
도배사다리,사다리,일반공구
"도스키 톱날, 톱대(300)",톱/낫/삽/원예공구,일반공구
도청카메라탐지기,기타 생활용품,생활용품
도청카메라탐지기세트,기타 생활용품,생활용품
돌 망치,망치/함마/장도리,일반공구
돌망치,망치/함마/장도리,일반공구
돌망치,망치/함마/장도리,일반공구
돌망치 0.9kg,망치/함마/장도리,일반공구
돌망치(고무자루),망치/함마/장도리,일반공구
돌망치(중 사이즈),망치/함마/장도리,일반공구
동력예취기,기타 전동공구,전동공구
동커팅기,커터/절단공구,일반공구
동파이프 커터,커터/절단공구,일반공구
드라이버,기타 일반공구,일반공구
드라이버 (투명양용),드라이버,일반공구
드라이버 2개,드라이버,일반공구
드라이버 3개,드라이버,일반공구
드라이버 5개,드라이버,일반공구
드라이버 8종세트,드라이버,일반공구
"드라이버 대(2), 중(1)",드라이버,일반공구
드라이버 드릴,전동공구세트,전동공구
드라이버 드릴 비트,비트,전동공구
드라이버 비트,기타공구,기타공구
드라이버 비트 세트,드라이버,일반공구
드라이버 비트 세트(37PCS),비트,전동공구
드라이버 비트 토션비트 110mm,비트,전동공구
"드라이버 비트(대,중,소)",비트,전동공구
드라이버 비트세트,드라이버,일반공구
드라이버 세트,드라이버,일반공구
드라이버 수공구세트,공구세트,일반공구
드라이버 십자 단용 8+,기타공구,기타공구
드라이버 양용,드라이버,일반공구
"드라이버(-,+)",드라이버,일반공구
드라이버(-자),드라이버,일반공구
드라이버(2),드라이버,일반공구
드라이버(2150mm),,
드라이버(4),드라이버,일반공구
드라이버(대),드라이버,일반공구
드라이버(소),드라이버,일반공구
드라이버(십자),드라이버,일반공구
"드라이버(십자, 일자 겸용)",드라이버,일반공구
드라이버(양용),드라이버,일반공구
드라이버(양용) 3개,드라이버,일반공구
드라이버(일자),드라이버,일반공구
"드라이버(일자3,십자1)",드라이버,일반공구
드라이버(중),드라이버,일반공구
드라이버(충전),전동드라이버,전동공구
드라이버6인치,드라이버,일반공구
드라이버8인치,드라이버,일반공구
드라이버드릴,전동드라이버,전동공구
드라이버드릴(2),드라이버,일반공구
드라이버라체트,드라이버,일반공구
드라이버류,드라이버,일반공구
드라이버비트,기타공구,기타공구
드라이버비트 1세트,비트,전동공구
드라이버비트5P,비트,전동공구
드라이버비트날,비트,전동공구
드라이버비트세트 33pcs,드라이버,일반공구
드라이버세트,드라이버,일반공구
드라이버세트 10pcs,드라이버,일반공구
드라이버세트(6PCS),드라이버,일반공구
드라이버세트라체트,,
드라이버세트라체트 14WAY,,
드라이버양용,드라이버,일반공구
드라이버충전드릴(4개),전동드릴,전동공구
드라이버툴세트,드라이버,일반공구
드라이브,드라이버,일반공구
드라이브비트세트,기타 일반공구,일반공구
드릴,전동드릴,전동공구
드릴 날 세트,전동공구세트,전동공구
드릴 비트,비트,전동공구
드릴 비트세트,기타 일반공구,일반공구
드릴(무선),전동드릴,전동공구
"드릴(무선14,4V)",전동드릴,전동공구
드릴(유선),전동드릴,전동공구
드릴(충전),전동드릴,전동공구
드릴공구,전동드릴,전동공구
드릴기리세트,기타공구,기타공구
드릴날 및 드라이버비트 생활공구피스세트,못/나사/철사,일반공구
드릴날세트,커터/절단공구,일반공구
드릴날세트(SCORE),공구세트,일반공구
드릴머신 1개,전동드릴,전동공구
드릴비트,기타 일반공구,일반공구
드릴비트 1개,비트,전동공구
드릴비트 세트,기타 일반공구,일반공구
드릴비트 세트(대)(50pcs),기타 일반공구,일반공구
드릴비트 세트(중)(33pcs),기타 일반공구,일반공구
드릴비트 파우치 세트,전동드릴,전동공구
드릴비트(box),기타 일반공구,일반공구
드릴비트(기리세트),전동드릴,전동공구
드릴비트세트,공구세트,일반공구
드릴비트세트,공구세트,일반공구
드릴비트세트다목적,,
드릴비트셋3개,비트,전동공구
드릴비트셋트 2개,비트,전동공구
드릴세트,기타 일반공구,일반공구
드릴세트 13pcs,드라이버,일반공구
드릴세트 2개,전동드릴,전동공구
드릴용 드라이버,드라이버,일반공구
드릴용 양용 드라이버,드라이버,일반공구
드릴촉,기타 일반공구,일반공구
드릴프레스(13MM),전동드릴,전동공구
등대기톱 1개,톱/낫/삽/원예공구,일반공구
등대긴톱(목공톱),톱/낫/삽/원예공구,일반공구
등산스틱,기타 생활용품,생활용품
등산용 아이젠 대,기타 생활용품,생활용품
등산용 아이젠 소,기타 생활용품,생활용품
등산용 아이젠 중,기타 생활용품,생활용품
디럭스 공구세트,전동공구세트,전동공구
디스크 그라인다4,그라인더,전동공구
디스크 그라인더,그라인더,전동공구
디스크그라인더,그라인더,전동공구
디스크샌더페파(100방),샌더/대패,전동공구
디스크샌더페파(240방),샌더/대패,전동공구
디월트,전동공구세트,전동공구
디월트 DCD709L2,해머드릴,전동공구
디월트 공구함세트,기타 전동공구,전동공구
디월트 전동드릴(전화 문의),전동드릴,전동공구
디월트 타카,타카/접착용품,일반공구
디지메틱켈퍼 1개,자/측정공구,일반공구
디지털 멀티미터,자/측정공구,일반공구
디지털멀티메타,자/측정공구,일반공구
디지털소음계,자/측정공구,일반공구
디지털염도계,기타공구,기타공구
디지털클램프,바이스/클램프,일반공구
디지털테스터기,기타 생활용품,생활용품
땜납,용접/납공구,일반공구
라돈기,기타공구,기타공구
라돈측정기,기타공구,기타공구
라디오 펜치,니퍼/펜치/플라이어,일반공구
라디오펜지,니퍼/펜치/플라이어,일반공구
라디오펜찌,니퍼/펜치/플라이어,일반공구
라디오펜치,니퍼/펜치/플라이어,일반공구
라디오펜치(6#),니퍼/펜치/플라이어,일반공구
라인칼라드라이버 4개,드라이버,일반공구
라챗핸들(3/8인치),자전거공구,일반공구
라체트,드라이버,일반공구
라체트드라이버,드라이버,일반공구
라쳇 렌치 소켓 세트,공구세트,일반공구
라쳇드라이버 세트,드라이버,일반공구
라쳇드라이버세트,드라이버,일반공구
라쳇렌치,몽키/렌치/스패너,일반공구
라쳇세트3개,몽키/렌치/스패너,일반공구
라쳇소켓세트,기타 일반공구,일반공구
라쳇핸들 1개,몽키/렌치/스패너,일반공구
"라쳇핸들(6,35mm)",몽키/렌치/스패너,일반공구
라쳇핸들(6.35mm),기타 일반공구,일반공구
락킹 플라이어,니퍼/펜치/플라이어,일반공구
락킹플라이어,니퍼/펜치/플라이어,일반공구
락킹플라이어,니퍼/펜치/플라이어,일반공구
락킹플라이어 롱노우즈형,니퍼/펜치/플라이어,일반공구
래칫스크루드라이버세트,드라이버,일반공구
랜턴,기타공구,기타공구
랜턴(충전식),기타 일반공구,일반공구
랜턴(충전용),랜턴,전동공구
러그 캠핑릴선 초슬림 4구 접지 코드릴 연장작업선,캠핑용품,생활용품
러비더비(종치기),기타 생활용품,생활용품
레녹스 쇠톱대 12,톱/낫/삽/원예공구,일반공구
레이저 거리 측정기,자/측정공구,일반공구
레이저 거리측정기,기타 생활용품,생활용품
레이저 레벨기,자/측정공구,일반공구
레이저 범위 측정기,자/측정공구,일반공구
레이저 수평계,자/측정공구,일반공구
레이저 줄자,자/측정공구,일반공구
레이저 측정기,자/측정공구,일반공구
레이저거리측정기,기타 생활용품,생활용품
"레이저레벨기(수평기),삼각대",자/측정공구,일반공구
레이저줄자,기타공구,기타공구
레이저측정기,자/측정공구,일반공구
레이져거리측정기,기타공구,기타공구
레이져거리측정기,기타공구,기타공구
레져용 구명조끼,캠핑용품,생활용품
렌찌(set) 링타입(일제),몽키/렌치/스패너,일반공구
렌치,몽키/렌치/스패너,일반공구
렌치 SET,몽키/렌치/스패너,일반공구
렌치 세트 접육각 21171,몽키/렌치/스패너,일반공구
렌치 세트 접육각 21172,몽키/렌치/스패너,일반공구
렌치(41mm),몽키/렌치/스패너,일반공구
렌치(44mm),몽키/렌치/스패너,일반공구
렌치류,몽키/렌치/스패너,일반공구
렌치세트,몽키/렌치/스패너,일반공구
렌턴,기타 일반공구,일반공구
렝가고대,톱/낫/삽/원예공구,일반공구
로겐드라이버,드라이버,일반공구
"로보스타(10#,12#)",니퍼/펜치/플라이어,일반공구
로보스터 워터펌프 플라이어,니퍼/펜치/플라이어,일반공구
로보스터 첼라 플라이어,니퍼/펜치/플라이어,일반공구
로브스터 첼라,기타 일반공구,일반공구
로브스터첼라,니퍼/펜치/플라이어,일반공구
로킹 프라이어,니퍼/펜치/플라이어,일반공구
로터리 햄머(스탠리),해머드릴,전동공구
로터리해머,해머드릴,전동공구
로터리햄머드릴,기타공구,기타공구
롱 노우즈,기타공구,기타공구
롱 노우즈 플라이어,니퍼/펜치/플라이어,일반공구
롱 노즈,니퍼/펜치/플라이어,일반공구
롱 로우즈 1개,니퍼/펜치/플라이어,일반공구
롱L볼렌치셋트,몽키/렌치/스패너,일반공구
롱노우즈,기타 일반공구,일반공구
롱노우즈 1개,니퍼/펜치/플라이어,일반공구
롱노우즈 바이스 플라이어,니퍼/펜치/플라이어,일반공구
롱노우즈 프라이어,니퍼/펜치/플라이어,일반공구
롱노우즈 플라이어,니퍼/펜치/플라이어,일반공구
롱노우즈 플라이어(6인치),니퍼/펜치/플라이어,일반공구
롱노우즈라디오펜치,,
롱노우즈플라이어,니퍼/펜치/플라이어,일반공구
롱노우즈플라이어 1개,니퍼/펜치/플라이어,일반공구
롱노우즈플라이어 8'' 2개,니퍼/펜치/플라이어,일반공구
롱노즈,기타 일반공구,일반공구
롱노즈 6,니퍼/펜치/플라이어,일반공구
롱노즈 6인치,기타 일반공구,일반공구
롱노즈 플라이어,니퍼/펜치/플라이어,일반공구
롱노즈 플라이어(150mm),니퍼/펜치/플라이어,일반공구
롱노즈6',기타 일반공구,일반공구
롱노즈플라이어,니퍼/펜치/플라이어,일반공구
롱로우즈,기타 일반공구,일반공구
롱로우즈 2개,니퍼/펜치/플라이어,일반공구
롱로우즈 6″,니퍼/펜치/플라이어,일반공구
롱로우즈 곡선 45도 11인치(TL),니퍼/펜치/플라이어,일반공구
롱로우즈(6인치),니퍼/펜치/플라이어,일반공구
롱로우즈(8' 펜치),기타 일반공구,일반공구
롱로우즈6,니퍼/펜치/플라이어,일반공구
롱로우즈플라이어 4개,니퍼/펜치/플라이어,일반공구
롱로즈,기타 일반공구,일반공구
롱로즈 1개,니퍼/펜치/플라이어,일반공구
롱로즈 2개,니퍼/펜치/플라이어,일반공구
롱로즈 플라이어 1개,니퍼/펜치/플라이어,일반공구
롱로즈 플라이어 2개,니퍼/펜치/플라이어,일반공구
롱로즈(1),니퍼/펜치/플라이어,일반공구
롱로즈(2),니퍼/펜치/플라이어,일반공구
롱로즈(6″),니퍼/펜치/플라이어,일반공구
롱별렌치세트(T10~T40),기타 일반공구,일반공구
롱볼렌치세트,드라이버,일반공구
롱볼렌치세트(9pcs),몽키/렌치/스패너,일반공구
롱볼렌치셋트(육각렌치),몽키/렌치/스패너,일반공구
루미큐브,기타 생활용품,생활용품
루핑루이,기타 생활용품,생활용품
룩스패드43 203스탠드,기타공구,기타공구
리드선,기타공구,기타공구
리베터,기타 일반공구,일반공구
리베트건,니퍼/펜치/플라이어,일반공구
리벳건,기타 일반공구,일반공구
리벳트건,니퍼/펜치/플라이어,일반공구
리튬이온 밧데리,기타공구,기타공구
리튬이온 배터리 충전기,기타공구,기타공구
리튬충전드릴 1개,전동드릴,전동공구
리튬헤머드릴,전동공구세트,전동공구
릴 선,전선릴,전동공구
릴 전선(50m),전선릴,전동공구
릴선,디지털가전,생활용품
"릴선 1,530M",,
릴선 1개,전선릴,전동공구
릴선(28M),전선릴,전동공구
릴선(30M),전선릴,전동공구
릴선(45M),전선릴,전동공구
릴선(48M),전선릴,전동공구
릴선(50M),전선릴,전동공구
릴전선,전선릴,전동공구
릴전선(50mm),전선릴,전동공구
릴호스,기타 일반공구,일반공구
릴호스(20M),기타공구,기타공구
링 육각렌치,몽키/렌치/스패너,일반공구
링고리렌치,몽키/렌치/스패너,일반공구
링고리세트,공구세트,일반공구
링고리셋트,공구세트,일반공구
마끼다 충전해머드릴(무선),해머드릴,전동공구
마끼다 해머드릴(유선),해머드릴,전동공구
마끼타 송풍기,기타 일반공구,일반공구
마모된 피스 제거용 비트세트,비트,전동공구
마모된 피스제거용 비트,기타 일반공구,일반공구
마사지 매트,기타 생활용품,생활용품
마사지건,기타 생활용품,생활용품
마스크 1박스,청소용품,생활용품
막대본드,기타 일반공구,일반공구
막삽,톱/낫/삽/원예공구,일반공구
막삽(2),톱/낫/삽/원예공구,일반공구
막줄자,자/측정공구,일반공구
"막줄자(5,5M)",자/측정공구,일반공구
만능 렌치,몽키/렌치/스패너,일반공구
만능관통기,청소용품,생활용품
만능드라이버핸들,기타 일반공구,일반공구
만능랜지,몽키/렌치/스패너,일반공구
만능렌지,몽키/렌치/스패너,일반공구
만능렌치,공구세트,일반공구
만능작업대,기타공구,기타공구
만능지렛대,기타 일반공구,일반공구
만능톱,톱/낫/삽/원예공구,일반공구
만능톱 실톱용 톱날,톱/낫/삽/원예공구,일반공구
만능톱 패키지,톱/낫/삽/원예공구,일반공구
망원경,기타 생활용품,생활용품
망치,기타공구,기타공구
망치 1개,망치/함마/장도리,일반공구
망치 대,망치/함마/장도리,일반공구
"망치 대,중,소",망치/함마/장도리,일반공구
망치 빠루,망치/함마/장도리,일반공구
망치 소,망치/함마/장도리,일반공구
망치 장도리,망치/함마/장도리,일반공구
망치 중,망치/함마/장도리,일반공구
망치(2),망치/함마/장도리,일반공구
망치(中),망치/함마/장도리,일반공구
"망치(노루발o,x)",망치/함마/장도리,일반공구
망치(대),망치/함마/장도리,일반공구
"망치(대, 중, 소)",망치/함마/장도리,일반공구
"망치(대,소)",망치/함마/장도리,일반공구
망치(소),망치/함마/장도리,일반공구
망치(중),망치/함마/장도리,일반공구
망치(중형) 2개,망치/함마/장도리,일반공구
망치(함마) 중형,망치/함마/장도리,일반공구
"망치, 고무망치",망치/함마/장도리,일반공구
"망치,장도리",망치/함마/장도리,일반공구
망치/함마/장도리,망치/함마/장도리,일반공구
망치고데기,미용가전,생활용품
망치빠루,망치/함마/장도리,일반공구
망치빠루(도규),망치/함마/장도리,일반공구
망치펜치,니퍼/펜치/플라이어,일반공구
매직락 KMC-34 5.5M,자/측정공구,일반공구
매직렌치,몽키/렌치/스패너,일반공구
매직만능렌치,몽키/렌치/스패너,일반공구
매트,캠핑용품,생활용품
매트리스 살균기,청소용품,생활용품
맥그립 화이바줄자,자/측정공구,일반공구
맥그립줄자(5.5m),자/측정공구,일반공구
맥그립줄자(7.5m),자/측정공구,일반공구
멀티 재봉틀,재봉공구,생활용품
멀티고기불판,캠핑용품,생활용품
멀티공구세트,공구세트,일반공구
멀티손타카,타카/접착용품,일반공구
멀티카터,기타 전동공구,전동공구
멀티커터,전동절단/톱/직소,전동공구
멀티커터날(스매시),커터/절단공구,일반공구
멀티타카,타카/접착용품,일반공구
멀티탭,전선릴,전동공구
멀티테스터,기타 전동공구,전동공구
멍키렌치,몽키/렌치/스패너,일반공구
멍키스패너,몽키/렌치/스패너,일반공구
메가테스터기,자/측정공구,일반공구
메리 네지러,니퍼/펜치/플라이어,일반공구
메타보 직소,톱/낫/삽/원예공구,일반공구
면줄자,자/측정공구,일반공구
"면줄자(30,50M)",자/측정공구,일반공구
면줄자(50M),자/측정공구,일반공구
모두의마블,기타 생활용품,생활용품
모종삽,톱/낫/삽/원예공구,일반공구
모종삽(소형),톱/낫/삽/원예공구,일반공구
목고용쇠톱,톱/낫/삽/원예공구,일반공구
목공 고무망치,망치/함마/장도리,일반공구
목공 드릴비트,비트,전동공구
목공 삼각자,자/측정공구,일반공구
목공 톱날(대중소),목공/미장,일반공구
목공기리,목공/미장,일반공구
목공본드 1개,목공/미장,일반공구
목공쇠톱,톱/낫/삽/원예공구,일반공구
목공용 끌,목공/미장,일반공구
목공용 쇠톱,톱/낫/삽/원예공구,일반공구
"목공용 쇠톱(전정톱, 곡선)",톱/낫/삽/원예공구,일반공구
"목공용 쇠톱(전정톱, 직선)",톱/낫/삽/원예공구,일반공구
목공용 외날톱,톱/낫/삽/원예공구,일반공구
목공용 접톱,목공/미장,일반공구
목공용 톱,목공/미장,일반공구
목공용 톱(소),톱/낫/삽/원예공구,일반공구
목공용 톱(톱자루+날),목공/미장,일반공구
목공용 홀쑈,목공/미장,일반공구
목공용접톱,톱/낫/삽/원예공구,일반공구
목공용톱,커터/절단공구,일반공구
목공용톱 자루,목공/미장,일반공구
목공용톱(265MM),목공/미장,일반공구
목공용톱(5개),목공/미장,일반공구
목공용톱대,톱/낫/삽/원예공구,일반공구
목공줄,목공/미장,일반공구
목공줄 5380,목공/미장,일반공구
목공줄(200mm),목공/미장,일반공구
목공클램프 4개,목공/미장,일반공구
목공톱,목공/미장,일반공구
목공톱 1개,목공/미장,일반공구
목공형쇠톱,톱/낫/삽/원예공구,일반공구
목공형쇠톱(전정톱),톱/낫/삽/원예공구,일반공구
목발,기타 생활용품,생활용품
목발 보행보조기,기타 생활용품,생활용품
목발(대/중/소),기타공구,기타공구
목재 톱,목공/미장,일반공구
목재용 직소날,전동절단/톱/직소,전동공구
목재톱,톱/낫/삽/원예공구,일반공구
목톱,톱/낫/삽/원예공구,일반공구
몰딩빠루,몽키/렌치/스패너,일반공구
못,못/나사/철사,일반공구
몽키,몽키/렌치/스패너,일반공구
몽키 06“,몽키/렌치/스패너,일반공구
몽키 08“,몽키/렌치/스패너,일반공구
몽키 10,몽키/렌치/스패너,일반공구
몽키 10',몽키/렌치/스패너,일반공구
몽키 10“,몽키/렌치/스패너,일반공구
몽키 10인치,몽키/렌치/스패너,일반공구
몽키 10＂,몽키/렌치/스패너,일반공구
몽키 12,몽키/렌치/스패너,일반공구
몽키 12“,몽키/렌치/스패너,일반공구
몽키 12인치,몽키/렌치/스패너,일반공구
몽키 6',몽키/렌치/스패너,일반공구
몽키 8',몽키/렌치/스패너,일반공구
몽키 8인치,몽키/렌치/스패너,일반공구
몽키 8＂,몽키/렌치/스패너,일반공구
몽키 大,몽키/렌치/스패너,일반공구
몽키 小,몽키/렌치/스패너,일반공구
몽키 스패너,기타공구,기타공구
몽키 스패너,기타공구,기타공구
몽키 스패너 10',몽키/렌치/스패너,일반공구
몽키 스패너 10inch,몽키/렌치/스패너,일반공구
몽키 스패너 10인치,몽키/렌치/스패너,일반공구
몽키 스패너 12inch,몽키/렌치/스패너,일반공구
몽키 스패너 12인치,몽키/렌치/스패너,일반공구
몽키 스패너 1개,몽키/렌치/스패너,일반공구
몽키 스패너 8,몽키/렌치/스패너,일반공구
몽키 스패너 8inch,몽키/렌치/스패너,일반공구
몽키 스패너 8개,몽키/렌치/스패너,일반공구
몽키 스패너10,몽키/렌치/스패너,일반공구
몽키 스패너10',몽키/렌치/스패너,일반공구
몽키 스패너8,몽키/렌치/스패너,일반공구
몽키 스페너,기타 일반공구,일반공구
"몽키 이레가 8″,10″,12″ /스페인",몽키/렌치/스패너,일반공구
몽키(10,몽키/렌치/스패너,일반공구
몽키(10'') 1개,몽키/렌치/스패너,일반공구
몽키(10) 1개,몽키/렌치/스패너,일반공구
몽키(10″),몽키/렌치/스패너,일반공구
몽키(10인치),몽키/렌치/스패너,일반공구
몽키(12'') 1개,몽키/렌치/스패너,일반공구
몽키(12) 1개,몽키/렌치/스패너,일반공구
몽키(12인치),몽키/렌치/스패너,일반공구
몽키(12인치) 1개,몽키/렌치/스패너,일반공구
몽키(2),몽키/렌치/스패너,일반공구
몽키(8,몽키/렌치/스패너,일반공구
몽키(8'') 1개,몽키/렌치/스패너,일반공구
몽키(8인치),몽키/렌치/스패너,일반공구
몽키(8인치) 1개,몽키/렌치/스패너,일반공구
몽키(대),몽키/렌치/스패너,일반공구
몽키(중),몽키/렌치/스패너,일반공구
"몽키,렌치,스패너",몽키/렌치/스패너,일반공구
"몽키/광폭(34mm,39mm)",몽키/렌치/스패너,일반공구
몽키/렌치/스패너,몽키/렌치/스패너,일반공구
몽키2개,몽키/렌치/스패너,일반공구
몽키8,몽키/렌치/스패너,일반공구
몽키렌치,몽키/렌치/스패너,일반공구
몽키렌치 (10),몽키/렌치/스패너,일반공구
몽키렌치 (8),몽키/렌치/스패너,일반공구
몽키렌치(25cm),몽키/렌치/스패너,일반공구
몽키렌치(30cm),몽키/렌치/스패너,일반공구
몽키렌치15'' 1개,몽키/렌치/스패너,일반공구
몽키스패너,기타공구,기타공구
몽키스패너 10,몽키/렌치/스패너,일반공구
몽키스패너 10',몽키/렌치/스패너,일반공구
몽키스패너 12인치,몽키/렌치/스패너,일반공구
몽키스패너 1개,몽키/렌치/스패너,일반공구
몽키스패너 200(8),몽키/렌치/스패너,일반공구
몽키스패너 250(10),몽키/렌치/스패너,일반공구
몽키스패너 2개,몽키/렌치/스패너,일반공구
몽키스패너 8,몽키/렌치/스패너,일반공구
몽키스패너 8',몽키/렌치/스패너,일반공구
몽키스패너 대,몽키/렌치/스패너,일반공구
"몽키스패너 대,중,소",몽키/렌치/스패너,일반공구
몽키스패너 소,몽키/렌치/스패너,일반공구
몽키스패너 와이드(10인치),몽키/렌치/스패너,일반공구
몽키스패너 와이드(12인치),몽키/렌치/스패너,일반공구
몽키스패너 중,몽키/렌치/스패너,일반공구
"몽키스패너 중,소",몽키/렌치/스패너,일반공구
"몽키스패너(10#,12#)",몽키/렌치/스패너,일반공구
"몽키스패너(10,12#)",몽키/렌치/스패너,일반공구
몽키스패너(10인치),몽키/렌치/스패너,일반공구
몽키스패너(12#),몽키/렌치/스패너,일반공구
몽키스패너(12인치),몽키/렌치/스패너,일반공구
몽키스패너(12인치) 1개,몽키/렌치/스패너,일반공구
몽키스패너(14인치) 1개,몽키/렌치/스패너,일반공구
몽키스패너(150mm),몽키/렌치/스패너,일반공구
몽키스패너(15인치),몽키/렌치/스패너,일반공구
몽키스패너(2),몽키/렌치/스패너,일반공구
몽키스패너(200mm),몽키/렌치/스패너,일반공구
몽키스패너(250mm 세신),몽키/렌치/스패너,일반공구
몽키스패너(250mm),몽키/렌치/스패너,일반공구
몽키스패너(260mm),몽키/렌치/스패너,일반공구
몽키스패너(300mm),몽키/렌치/스패너,일반공구
몽키스패너(308mm),몽키/렌치/스패너,일반공구
몽키스패너(375mm),몽키/렌치/스패너,일반공구
몽키스패너(450mm),몽키/렌치/스패너,일반공구
몽키스패너(8),몽키/렌치/스패너,일반공구
몽키스패너(8인치),몽키/렌치/스패너,일반공구
몽키스패너(8인치) 1개,몽키/렌치/스패너,일반공구
몽키스패너(8인치/10인치),몽키/렌치/스패너,일반공구
몽키스패너(대),몽키/렌치/스패너,일반공구
"몽키스패너(대,중,소)",몽키/렌치/스패너,일반공구
"몽키스패너(대,중,소) 1개",몽키/렌치/스패너,일반공구
몽키스패너(소),몽키/렌치/스패너,일반공구
몽키스패너(중),몽키/렌치/스패너,일반공구
몽키스패너10',몽키/렌치/스패너,일반공구
몽키스패너10인치,몽키/렌치/스패너,일반공구
몽키스패너10인치 1개,몽키/렌치/스패너,일반공구
몽키스패너12인치,몽키/렌치/스패너,일반공구
몽키스패너6인치 1개,몽키/렌치/스패너,일반공구
몽키스패너8',몽키/렌치/스패너,일반공구
몽키스패너8인치,몽키/렌치/스패너,일반공구
몽키스패너8인치 1개,몽키/렌치/스패너,일반공구
몽키스패터,몽키/렌치/스패너,일반공구
몽키스페너,몽키/렌치/스패너,일반공구
몽키스페너(250mm),몽키/렌치/스패너,일반공구
몽키스페너(300mm),몽키/렌치/스패너,일반공구
몽키스페너(대),몽키/렌치/스패너,일반공구
무선 광택기,기타 전동공구,전동공구
무선 드라이버,전동공구세트,전동공구
무선 전동 드라이버,전동드릴,전동공구
무선 전동글루건,기타 전동공구,전동공구
무선 전동드라이버,전동드릴,전동공구
무선 전동드릴,전동드릴,전동공구
무선 컷쏘,전동절단/톱/직소,전동공구
무선/레이저 거리측정기,자/측정공구,일반공구
무선/전동드릴(드라이버),전동드라이버,전동공구
무선/전동타카,전동타카,전동공구
무선그라인더,전동공구세트,전동공구
무선글루건,기타 전동공구,전동공구
무선드라이버드릴,전동드릴,전동공구
무선드릴,전동드릴,전동공구
무선드릴(충전식),전동드릴,전동공구
무선소형전기톱세트(고장),전동절단/톱/직소,전동공구
무선안마기,기타 생활용품,생활용품
무선예초기,기타 전동공구,전동공구
무선전동 드라이버,기타공구,기타공구
무선전동드라이버,전동드라이버,전동공구
무선전동드릴,전동공구세트,전동공구
무선진공청소기,청소용품,생활용품
무선충전글루건,기타 일반공구,일반공구
무선충전드릴,전동드릴,전동공구
무선컷소,기타 전기제품,전동공구
무소음 콤프레샤,에어건/콤프레셔,전동공구
무소음 콤프레셔,에어건/콤프레셔,전동공구
무소음콤프레샤,에어건/콤프레셔,전동공구
"무소음콤프레샤(1,5)",에어건/콤프레셔,전동공구
무진동중망치,망치/함마/장도리,일반공구
물조리개,톱/낫/삽/원예공구,일반공구
물호수,기타 생활용품,생활용품
물호스,기타공구,기타공구
물호스20M,청소용품,생활용품
미니 공구세트,공구세트,일반공구
미니 드라이버 세트,드라이버,일반공구
미니 무선전동드라이버,전동드라이버,전동공구
미니 손대패,샌더/대패,전동공구
미니 옥집게,기타 일반공구,일반공구
미니 전동드릴,전동드릴,전동공구
미니 컷소,전동절단/톱/직소,전동공구
미니 탈수기,기타 생활용품,생활용품
미니 톱,톱/낫/삽/원예공구,일반공구
미니그라인더,그라인더,전동공구
미니그라인더,그라인더,전동공구
미니노즈플라이어,니퍼/펜치/플라이어,일반공구
미니당구대,기타 생활용품,생활용품
미니드릴,전동드릴,전동공구
미니몽키,몽키/렌치/스패너,일반공구
미니무선전동드릴,전동드릴,전동공구
미니빔프로젝터,기타 생활용품,생활용품
미니빠루,기타 일반공구,일반공구
미니손전등,기타 일반공구,일반공구
미니수평,자/측정공구,일반공구
"미니스패너세트(10,12,13,14,17,19mm)",몽키/렌치/스패너,일반공구
미니예초기,전동절단/톱/직소,전동공구
미니전동드라이버,전동드라이버,전동공구
미니전동드라이버드릴,전동드라이버,전동공구
미니전동드릴,전동드릴,전동공구
미러리스카메라,기타공구,기타공구
미세먼지측정기,기타 생활용품,생활용품
미장손,목공/미장,일반공구
밀워키 M12 BID,전동드릴,전동공구
밀워키 M12V CID,전동드라이버,전동공구
밀워키 래치 렌치세트,공구세트,일반공구
밀워키 충전해머드릴 M12V CPD,전동드릴,전동공구
밀차(대형),바퀴/핸드카,일반공구
바둑/장기,기타 생활용품,생활용품
바둑판+바둑알+장기알세트,기타 생활용품,생활용품
바둑판세트,기타 생활용품,생활용품
바리깡,미용가전,생활용품
바이스,기타 일반공구,일반공구
바이스 그립,니퍼/펜치/플라이어,일반공구
바이스 그립(12인치),니퍼/펜치/플라이어,일반공구
바이스 플라이어,기타 일반공구,일반공구
바이스 플라이어 10,니퍼/펜치/플라이어,일반공구
바이스 플라이어 1개,니퍼/펜치/플라이어,일반공구
바이스 플라이어(락킹 플라이어),기타 일반공구,일반공구
바이스 플라이어8',니퍼/펜치/플라이어,일반공구
바이스 플레이어,바이스/클램프,일반공구
바이스/클램프,바이스/클램프,일반공구
바이스그립,기타 일반공구,일반공구
바이스그립(10인치),니퍼/펜치/플라이어,일반공구
바이스그립플라이어,니퍼/펜치/플라이어,일반공구
바이스크립,니퍼/펜치/플라이어,일반공구
바이스크립(10WR),니퍼/펜치/플라이어,일반공구
바이스크립(125mm),몽키/렌치/스패너,일반공구
바이스클립,니퍼/펜치/플라이어,일반공구
바이스프라이어,니퍼/펜치/플라이어,일반공구
바이스플라이야 10WR(USA),니퍼/펜치/플라이어,일반공구
바이스플라이어,니퍼/펜치/플라이어,일반공구
바이스플라이어,니퍼/펜치/플라이어,일반공구
바이스플라이어 1개,니퍼/펜치/플라이어,일반공구
바이스플라이어(10″),니퍼/펜치/플라이어,일반공구
바이스플라이어(10인치),니퍼/펜치/플라이어,일반공구
바이스플라이어(250mm),니퍼/펜치/플라이어,일반공구
바이스플라이어(5WR),니퍼/펜치/플라이어,일반공구
"바이스플라이어(SM-W10R, 10",니퍼/펜치/플라이어,일반공구
바이스플라이어(락킹플라이어),니퍼/펜치/플라이어,일반공구
바이스플라이어(락킹플라이어)10',니퍼/펜치/플라이어,일반공구
바이스플레아(10인치),바이스/클램프,일반공구
박스렌치세트,몽키/렌치/스패너,일반공구
반려동물 이동장,캠핑용품,생활용품
발 펌프,기타공구,기타공구
발펌프,기타공구,기타공구
발펌프,기타공구,기타공구
발펌프(쌍발) SM-FP7-스마토,기타 일반공구,일반공구
발펌프(외발),자전거공구,일반공구
밧데리 충전기,기타 전동공구,전동공구
방구석 방송세트,기타공구,기타공구
방구석라이브세트,기타공구,기타공구
방수돗자리,캠핑용품,생활용품
방역기,청소용품,생활용품
방역분무기,기타공구,기타공구
방역소독기,기타공구,기타공구
방역소독기 (무선),기타 생활용품,생활용품
방역소독기 (유선),기타 생활용품,생활용품
방우형 전선릴 KXGBP-13(1.0530M),,
방울집게,기타 일반공구,일반공구
방청윤활유,압축/오일,일반공구
배관커터,커터/절단공구,일반공구
배드민턴 세트,기타 생활용품,생활용품
배수구 청소기,기타공구,기타공구
배수펌프,압축/오일,일반공구
배터리충전기,기타공구,기타공구
백마,톱/낫/삽/원예공구,일반공구
백마접톱,톱/낫/삽/원예공구,일반공구
백터스트리퍼,니퍼/펜치/플라이어,일반공구
범위측정기,자/측정공구,일반공구
베셀드라이버,드라이버,일반공구
벡터 스트리퍼,기타공구,기타공구
벤치,니퍼/펜치/플라이어,일반공구
벤트노즈플라이어,니퍼/펜치/플라이어,일반공구
변기 관통기,기타공구,기타공구
별렌치,몽키/렌치/스패너,일반공구
별렌치 (접이식),몽키/렌치/스패너,일반공구
별렌치 세트,몽키/렌치/스패너,일반공구
별렌치세트,드라이버,일반공구
별렌치세트(접이식),몽키/렌치/스패너,일반공구
보급형 드릴날세트,못/나사/철사,일반공구
보드게임 (할리갈리외 16종),기타 생활용품,생활용품
보드게임 강아지똥,기타 생활용품,생활용품
보드게임 다빈치코드,기타 생활용품,생활용품
보드게임 사보타지,기타 생활용품,생활용품
보드게임 상어 아일랜드,기타 생활용품,생활용품
보드게임 우노,기타 생활용품,생활용품
보드게임 젝스님트,기타 생활용품,생활용품
보드게임 클루,기타 생활용품,생활용품
보드게임 텀블링 몽키,기타 생활용품,생활용품
보드게임 할리갈리,기타 생활용품,생활용품
보드게임 흔들흔들 해적선,기타 생활용품,생활용품
보쉬,전동드릴,전동공구
보쉬 13RE,해머드릴,전동공구
보쉬 GLM 40 거리측정기,기타공구,기타공구
보쉬 advanced impact 1800,해머드릴,전동공구
보쉬 거리측정기,기타 생활용품,생활용품
보쉬 그라인더(타일절단용),그라인더,전동공구
보쉬 다목적 드릴비트세트,비트,전동공구
보쉬 무선그라인더,그라인더,전동공구
보쉬 비트 세트,비트,전동공구
보쉬 비트세트(100PCS),공구세트,일반공구
보쉬 수공구,기타공구,기타공구
보쉬 수공구세트,공구세트,일반공구
보쉬 스패너 세트,몽키/렌치/스패너,일반공구
보쉬 열풍기,기타공구,기타공구
보쉬 일반 드릴,전동드릴,전동공구
보쉬 임팩드릴,기타 전동공구,전동공구
보쉬 전기그라인더,그라인더,전동공구
보쉬 전기해머드릴 13RE,전동드릴,전동공구
보쉬 전동  드릴,전동드라이버,전동공구
보쉬 전동 그라인더,그라인더,전동공구
보쉬 전동 드라이버,전동드라이버,전동공구
보쉬 전동공구세트,전동공구세트,전동공구
보쉬 전동그라인더,그라인더,전동공구
보쉬 전동드릴세트,전동드릴,전동공구
보쉬 충전 임팩트 드릴/드라이버,전동드릴,전동공구
보쉬 충전 전동드릴,전동드릴,전동공구
보쉬 충전 해머드릴,전동드릴,전동공구
보쉬 충전드릴,전동드릴,전동공구
보쉬 충전해머,해머드릴,전동공구
보쉬 충전해머드릴,해머드릴,전동공구
보쉬 충전해머드릴(무선),해머드릴,전동공구
보쉬 해머드릴,해머드릴,전동공구
보쉬 해머드릴(유선),전동드릴,전동공구
보쉬(100PCS),비트,전동공구
보쉬)해머드릴,해머드릴,전동공구
보쉬공구세트,공구세트,일반공구
보쉬드릴비트세트,못/나사/철사,일반공구
보쉬멀티기리세트,비트,전동공구
보쉬수공구세트,기타공구,기타공구
보쉬수공구세트,기타공구,기타공구
보쉬전기드릴,전동드릴,전동공구
보쉬전동공구,전동공구세트,전동공구
보쉬전동드릴,전동드릴,전동공구
보쉬진동드릴,전동드릴,전동공구
보쉬충전드릴,전동드릴,전동공구
보쉬충전드릴 1개,전동드릴,전동공구
보쉬해머드릴,전동드릴,전동공구
보안경,기타공구,기타공구
보안경(고글),기타 일반공구,일반공구
보안경(물안경 타입),기타공구,기타공구
보행 보조기,기타 생활용품,생활용품
보행보조기,기타공구,기타공구
보호안경,안전용품,전동공구
보호안경 1개,안전용품,전동공구
보호안경 투명,기타 일반공구,일반공구
복사기(팩스),사무가전,생활용품
복쉬수공구세트,기타 일반공구,일반공구
복스,몽키/렌치/스패너,일반공구
복스 (10개 1세트),기타 일반공구,일반공구
복스 1세트,몽키/렌치/스패너,일반공구
복스 공구세트(46p),공구세트,일반공구
복스 세트,공구세트,일반공구
복스 세트 1개,몽키/렌치/스패너,일반공구
복스SET 1/2-17pcs(TL-SS11),몽키/렌치/스패너,일반공구
복스Set(15EA) 1개,몽키/렌치/스패너,일반공구
복스렌치,몽키/렌치/스패너,일반공구
복스렌치세트,기타 일반공구,일반공구
복스세트,공구세트,일반공구
복스세트 1개,몽키/렌치/스패너,일반공구
복스세트(17pcs),몽키/렌치/스패너,일반공구
복스세트(20pcs),몽키/렌치/스패너,일반공구
복스세트(소켓렌치세트),몽키/렌치/스패너,일반공구
복스세트(앵글),몽키/렌치/스패너,일반공구
복스셋,공구세트,일반공구
복스셋트,공구세트,일반공구
복스셋트(대),공구세트,일반공구
복스소켓렌치세트(20pcs),몽키/렌치/스패너,일반공구
본드,타카/접착용품,일반공구
볼L렌치 세트,몽키/렌치/스패너,일반공구
볼드 커터,커터/절단공구,일반공구
볼렌지세트,몽키/렌치/스패너,일반공구
볼렌치,기타 일반공구,일반공구
볼렌치 세트,몽키/렌치/스패너,일반공구
볼렌치 육각,공구세트,일반공구
볼렌치세트,공구세트,일반공구
볼렌치세트 1개,몽키/렌치/스패너,일반공구
볼렌치세트(8피스),기타공구,기타공구
볼렌치세트(9피스),기타공구,기타공구
볼렌치셋,몽키/렌치/스패너,일반공구
볼렌치셋트,공구세트,일반공구
볼렌치셋트1개,몽키/렌치/스패너,일반공구
볼망치,망치/함마/장도리,일반공구
볼트 리무버 세트,공구세트,일반공구
볼트 컷터,커터/절단공구,일반공구
볼트갓다,커터/절단공구,일반공구
볼트갓타,커터/절단공구,일반공구
볼트리무버,기타 일반공구,일반공구
볼트리무버 세트,비트,전동공구
볼트리무버세트,못/나사/철사,일반공구
볼트카타,커터/절단공구,일반공구
볼트캇다,커터/절단공구,일반공구
볼트캇타,기타공구,기타공구
볼트캇타(절단기) 18',커터/절단공구,일반공구
볼트캇터(18인치),커터/절단공구,일반공구
볼트커터,기타 일반공구,일반공구
볼트커터 14,커터/절단공구,일반공구
볼트커터 18인치,기타 일반공구,일반공구
볼트커터(12인치),커터/절단공구,일반공구
볼트컷터,커터/절단공구,일반공구
볼트컷터 연질용,커터/절단공구,일반공구
볼트컷트,커터/절단공구,일반공구
볼트클리퍼,니퍼/펜치/플라이어,일반공구
부루마블,기타 생활용품,생활용품
부탄가스 히타,캠핑용품,생활용품
부탄가스 히터,기타 일반공구,일반공구
부탄가스토치,기타공구,기타공구
부탄가스히타,기타공구,기타공구
부탄가스히터,기타공구,기타공구
부탄가스히트,기타 생활용품,생활용품
분사호수,청소용품,생활용품
분사호스,기타 생활용품,생활용품
분재가위,커터/절단공구,일반공구
불법촬영감지카메라,기타공구,기타공구
불법카메라 감지기기,기타 생활용품,생활용품
"블록 장난감(해달별, 헬로키티 각 1개)",기타 생활용품,생활용품
블루그라나이트(6MM),비트,전동공구
블루투스 마이크,기타공구,기타공구
블루투스 스피커,기타 생활용품,생활용품
블루투스마이크,기타 생활용품,생활용품
블루투스스피커,디지털가전,생활용품
비트,비트,전동공구
비트 20개,비트,전동공구
비트 6개,비트,전동공구
비트 SDS PLUS 세트,비트,전동공구
비트 SDS PLUS세트,공구세트,일반공구
비트 세트,기타공구,기타공구
비트(20pcs)+연결소켓,공구세트,일반공구
비트세트,공구세트,일반공구
비트세트,공구세트,일반공구
비트세트(기리세트),비트,전동공구
비트셋,공구세트,일반공구
비트셋트 1개,비트,전동공구
비트홀더,비트,전동공구
빔 프로젝트,디지털가전,생활용품
빔스크린,행사용품,생활용품
빔스크린80인치,기타 생활용품,생활용품
빔프로젝터,디지털가전,생활용품
빔프로젝트,기타 생활용품,생활용품
빔프로젝트 스크린,기타공구,기타공구
빠루,기타 일반공구,일반공구
빠루 망치,망치/함마/장도리,일반공구
빠루(600mm),기타 일반공구,일반공구
빠루(600mm),기타 일반공구,일반공구
빠루(90cm),몽키/렌치/스패너,일반공구
빠루(쇠지렛대),기타공구,기타공구
빠루(스마토),망치/함마/장도리,일반공구
빠루망치,망치/함마/장도리,일반공구
빠루망치,망치/함마/장도리,일반공구
빠루망치 (중),망치/함마/장도리,일반공구
빠루망치 1개,망치/함마/장도리,일반공구
빠루망치 2개,망치/함마/장도리,일반공구
빠루망치(1),망치/함마/장도리,일반공구
빠루망치(450MM),망치/함마/장도리,일반공구
빠루망치(대),망치/함마/장도리,일반공구
빠루망치(중),망치/함마/장도리,일반공구
빠루망치(중) 1개,망치/함마/장도리,일반공구
빠루망치/냉가망치,망치/함마/장도리,일반공구
빨강 사각바구니 2,김장용품,생활용품
뺀지 크레인,니퍼/펜치/플라이어,일반공구
뺀찌,니퍼/펜치/플라이어,일반공구
뺀찌(2508P),니퍼/펜치/플라이어,일반공구
뺀찌9',니퍼/펜치/플라이어,일반공구
뺀치,니퍼/펜치/플라이어,일반공구
뺀치 8인치,니퍼/펜치/플라이어,일반공구
사각 캐리어,바퀴/핸드카,일반공구
사각드라이버,드라이버,일반공구
사각샌더,샌더/대패,전동공구
사각캐리어,바퀴/핸드카,일반공구
사다리,기타공구,기타공구
사다리,기타공구,기타공구
사다리 1개,사다리,일반공구
사다리 2개,사다리,일반공구
사다리 A형 4단,사다리,일반공구
사다리 LS 5단,사다리,일반공구
사다리 Ls 7단,사다리,일반공구
사다리 광폭4단,사다리,일반공구
사다리(24단),,
사다리(2단),기타 일반공구,일반공구
사다리(3단),사다리,일반공구
사다리(3단/5단),사다리,일반공구
사다리(4*5단),사다리,일반공구
"사다리(4,5단)",사다리,일반공구
사다리(4단),사다리,일반공구
사다리(5단),사다리,일반공구
사다리(6단),사다리,일반공구
사다리(A형 4단),사다리,일반공구
사다리(小),사다리,일반공구
사다리(광폭2단),사다리,일반공구
사다리(광폭4단),사다리,일반공구
사다리(길이조절),사다리,일반공구
"사다리(다기능, LS형) LS-5",기타공구,기타공구
사다리(접이식),기타 생활용품,생활용품
사다리-3단,사다리,일반공구
사다리3단,사다리,일반공구
사다리4단,사다리,일반공구
사다리5단,사다리,일반공구
사다리A형,사다리,일반공구
사다리A형 4단,기타공구,기타공구
사다리류,사다리,일반공구
사이드커팅니퍼,니퍼/펜치/플라이어,일반공구
사포그라인더,그라인더,전동공구
산업용 청소기,기타 전동공구,전동공구
삼각각도자,자/측정공구,일반공구
삼각대,기타공구,기타공구
삼각대 셀카봉,기타공구,기타공구
삼각대 스크린,기타 생활용품,생활용품
삼각삽,톱/낫/삽/원예공구,일반공구
삼각자,자/측정공구,일반공구
삼각자 1개,자/측정공구,일반공구
삽,기타 생활용품,생활용품
삽3개,톱/낫/삽/원예공구,일반공구
삽류,톱/낫/삽/원예공구,일반공구
상어아일랜드,기타 생활용품,생활용품
샌다,샌더/대패,전동공구
샌다(페파용),샌더/대패,전동공구
샌더,기타 일반공구,일반공구
샌더(페파용),샌더/대패,전동공구
샌더기,기타 일반공구,일반공구
샌더기(B05031),샌더/대패,전동공구
샌더기(전동사포기),샌더/대패,전동공구
샌딩기,목공/미장,일반공구
샌딩기3개,샌더/대패,전동공구
샌딩패드 1개,샌더/대패,전동공구
샌딩페이퍼,기타 일반공구,일반공구
생활공구세트,공구세트,일반공구
생활공구세트A,공구세트,일반공구
생활공구세트B,공구세트,일반공구
생활용 공구셋트,기타공구,기타공구
서까래자,자/측정공구,일반공구
석재드릴비트세트,공구세트,일반공구
석재용드릴비트,전동드릴,전동공구
세라믹인두,용접/납공구,일반공구
세신 가정용 공구 세트,공구세트,일반공구
세신 몽키 스패너 10,몽키/렌치/스패너,일반공구
세신 몽키 스패너 12,몽키/렌치/스패너,일반공구
세신 몽키 스패너 8,몽키/렌치/스패너,일반공구
세신공구세트,공구세트,일반공구
세신몽키,몽키/렌치/스패너,일반공구
세신몽키,몽키/렌치/스패너,일반공구
세신파이프렌치,몽키/렌치/스패너,일반공구
세신펜치8인치 1개,니퍼/펜치/플라이어,일반공구
센더,목공/미장,일반공구
센더기,샌더/대패,전동공구
소음계,기타 생활용품,생활용품
소켓,기타 일반공구,일반공구
소켓 12개,몽키/렌치/스패너,일반공구
소켓 렌치,몽키/렌치/스패너,일반공구
소켓 렌치 세트,몽키/렌치/스패너,일반공구
소켓 복스 세트,공구세트,일반공구
소켓&비트세트,공구세트,일반공구
소켓(7종),몽키/렌치/스패너,일반공구
소켓드라이버,드라이버,일반공구
소켓런치(북스세트),몽키/렌치/스패너,일반공구
소켓렌치,몽키/렌치/스패너,일반공구
소켓렌치 set,몽키/렌치/스패너,일반공구
소켓렌치 세트,몽키/렌치/스패너,일반공구
소켓렌치 연결봉,몽키/렌치/스패너,일반공구
소켓렌치(9pcs),공구세트,일반공구
소켓렌치(복스세트),몽키/렌치/스패너,일반공구
소켓렌치세트,기타공구,기타공구
소켓렌치세트(16PCS),몽키/렌치/스패너,일반공구
소켓렌치세트(SMATO),몽키/렌치/스패너,일반공구
소켓렌치세트복스세트 16pcs,,
소켓세트,기타공구,기타공구
소켓셋트 1개,몽키/렌치/스패너,일반공구
소타카,타카/접착용품,일반공구
소타카핀,기타공구,기타공구
소통기,청소용품,생활용품
소프트그립 플라이어,니퍼/펜치/플라이어,일반공구
소프트그립플라이어,니퍼/펜치/플라이어,일반공구
소형 니퍼,니퍼/펜치/플라이어,일반공구
소형 무선 전동 드라이버 세트,전동드라이버,전동공구
소형 무선마이크,기타공구,기타공구
소형 유선 전동드릴,전동드릴,전동공구
소형 전동 드라이버,전동드라이버,전동공구
소형 플라이어,니퍼/펜치/플라이어,일반공구
손 전지가위,톱/낫/삽/원예공구,일반공구
손 타카,타카/접착용품,일반공구
손 톱,톱/낫/삽/원예공구,일반공구
손 톱날,톱/낫/삽/원예공구,일반공구
손대패,기타 일반공구,일반공구
손도끼,기타 일반공구,일반공구
손목가드 자석밴드,기타공구,기타공구
손보호기 팡팡,기타 일반공구,일반공구
손보호기팡팡,기타공구,기타공구
손수레,바퀴/핸드카,일반공구
손전등,기타공구,기타공구
손전등,기타공구,기타공구
손타카,기타공구,기타공구
손타카,기타공구,기타공구
손타카 (핀제공),타카/접착용품,일반공구
손타카 AT-916 (건타카R33),타카/접착용품,일반공구
손타카 핀,타카/접착용품,일반공구
손타카(&심),타카/접착용품,일반공구
손타카(&핀),타카/접착용품,일반공구
손타카(4-10)(R13),타카/접착용품,일반공구
손타ка(디월트),,
손타카(침포함),커터/절단공구,일반공구
손타카+핀,기타공구,기타공구
손타카건,타카/접착용품,일반공구
손타카핀,기타 일반공구,일반공구
손톱,톱/낫/삽/원예공구,일반공구
송곳,기타 일반공구,일반공구
송풍기,기타공구,기타공구
송풍기 밧데리,기타 전동공구,전동공구
송풍기(작업후청소기),청소용품,생활용품
송풍기(작업후청소용),청소용품,생활용품
쇠 절단기,전동절단/톱/직소,전동공구
쇠 톱,톱/낫/삽/원예공구,일반공구
쇠기리,기타 일반공구,일반공구
쇠기리세트(목재),못/나사/철사,일반공구
쇠기리세트(목재용),기타 전동공구,전동공구
쇠기리세트(석재),못/나사/철사,일반공구
쇠기리세트(석재용),기타 전동공구,전동공구
쇠기리세트(철재),못/나사/철사,일반공구
쇠기리세트(철재용),기타 전동공구,전동공구
쇠줄톱,톱/낫/삽/원예공구,일반공구
쇠지렛대,기타 일반공구,일반공구
쇠지렛대,기타 일반공구,일반공구
쇠지렛대(빠루),망치/함마/장도리,일반공구
쇠지렛대/빠루,기타 일반공구,일반공구
쇠톱,니퍼/펜치/플라이어,일반공구
쇠톱 (12인치),톱/낫/삽/원예공구,일반공구
쇠톱 1개,톱/낫/삽/원예공구,일반공구
쇠톱 대 1개,톱/낫/삽/원예공구,일반공구
쇠톱(1),톱/낫/삽/원예공구,일반공구
쇠톱(2),톱/낫/삽/원예공구,일반공구
쇠톱(날),톱/낫/삽/원예공구,일반공구
쇠톱(대),커터/절단공구,일반공구
쇠톱(줄톱),톱/낫/삽/원예공구,일반공구
쇠톱2개,톱/낫/삽/원예공구,일반공구
쇠톱날,기타 일반공구,일반공구
쇠톱날 (12인치),톱/낫/삽/원예공구,일반공구
쇠톱대,기타 일반공구,일반공구
쇠톱대(2),톱/낫/삽/원예공구,일반공구
숏노즈,니퍼/펜치/플라이어,일반공구
수공구 세트,공구세트,일반공구
수공구세트,공구세트,일반공구
수공구세트①,공구세트,일반공구
수공구세트②,공구세트,일반공구
수동드라이버,드라이버,일반공구
"수동드라이버(대,소)",드라이버,일반공구
수동방역소독기,기타공구,기타공구
수동식 휠체어,기타 생활용품,생활용품
"수동줄자(5,5m)",자/측정공구,일반공구
수동호수 18m,기타 생활용품,생활용품
수동휠체어,기타공구,기타공구
수목 전지가위,톱/낫/삽/원예공구,일반공구
수블럭,기타 생활용품,생활용품
수블럭(숫자놀이블럭),기타 생활용품,생활용품
수전 코일줄,못/나사/철사,일반공구
수중펌프,기타공구,기타공구
수평,자/측정공구,일반공구
수평계,기타 일반공구,일반공구
수평계 & 레벨기,자/측정공구,일반공구
수평계(수평자),자/측정공구,일반공구
수평기,기타공구,기타공구
수평기 1개,자/측정공구,일반공구
수평기300,자/측정공구,일반공구
수평대,자/측정공구,일반공구
수평대(450mm),자/측정공구,일반공구
수평대(600),자/측정공구,일반공구
수평대(디월트),기타 일반공구,일반공구
수평자,기타공구,기타공구
수평자,기타공구,기타공구
수평자 1개,자/측정공구,일반공구
수평자(60CM),자/측정공구,일반공구
수평자3개,자/측정공구,일반공구
수평측정기,자/측정공구,일반공구
숫돌,기타공구,기타공구
숯돌,그라인더,전동공구
스냅링플라이어세트,니퍼/펜치/플라이어,일반공구
스마토 공구세트,공구세트,일반공구
스마토 알루미늄 공구가방,공구세트,일반공구
스마트 라돈감지기,기타공구,기타공구
스마트 렌치세트,몽키/렌치/스패너,일반공구
스마트 양구스패너 세트,기타공구,기타공구
스매쉬 3종 원형톱날,톱/낫/삽/원예공구,일반공구
스위스 밀리터리  수공구세트,기타 일반공구,일반공구
스위스 밀리터리 공구,기타공구,기타공구
스위스 밀리터리 미니드라이버,드라이버,일반공구
스위스 밀리터리 전동공구세트,전동공구세트,전동공구
스위스 밀리터리 전동드릴 세트,전동공구세트,전동공구
스위스밀리터리  수공구세트,전동공구세트,전동공구
스위스밀리터리 공구세트 (전동드릴포함),공구세트,일반공구
스위스밀리터리 미니 드라이버 8p,기타공구,기타공구
스위스밀리터리 수공구세트,기타공구,기타공구
스위스밀리터리 수공구세트,기타공구,기타공구
스컬킹,기타 생활용품,생활용품
스크래퍼,기타공구,기타공구
스크래퍼(헤라),목공/미장,일반공구
스크레이퍼,기타 일반공구,일반공구
스크레퍼,청소용품,생활용품
스크루드라이버,드라이버,일반공구
스크류 드라이버 비트,드라이버,일반공구
스크류 전동 드라이버,전동드라이버,전동공구
"스크류 전동 드라이버 (예약시 전화주세요 02-2241-5084) 2박3일 1,000원",전동드라이버,전동공구
스크류드라이버 비트세트,드라이버,일반공구
스크류드라이버세트,드라이버,일반공구
스크류비트 세트,공구세트,일반공구
스크류세트,공구세트,일반공구
스크린,디지털가전,생활용품
스킬 함마드릴,해머드릴,전동공구
스태플,기타공구,기타공구
스탠리 수공구세트,공구세트,일반공구
스탠리 전기임팩트드릴,전동드릴,전동공구
스탠리 해머드릴,해머드릴,전동공구
스탠리10종 라쳇드라이버,드라이버,일반공구
스탠리충전드릴,전동드릴,전동공구
스테이플러 리무버,기타 일반공구,일반공구
"스테플러건(타카), 심(8box)",기타공구,기타공구
스텐 헤라 3',기타 일반공구,일반공구
스텐 헤라 5',기타 일반공구,일반공구
스텐기리,비트,전동공구
스텐기리 세트 1개,비트,전동공구
스텐리 드라이버세트(6PCS),드라이버,일반공구
스텐파이프 커터,커터/절단공구,일반공구
스텐헤라,청소용품,생활용품
스텐헤라 3,목공/미장,일반공구
스텐헤라 5,목공/미장,일반공구
스텐헤라(경화형),기타 일반공구,일반공구
스텐헤라3,기타공구,기타공구
스텐헤라5,기타공구,기타공구
스텝 드릴 비트,기타 일반공구,일반공구
스텝퍼,기타 생활용품,생활용품
스토브,캠핑용품,생활용품
스트류비트세트,기타 일반공구,일반공구
스트리퍼,기타공구,기타공구
스트립퍼,커터/절단공구,일반공구
스팀 청소기,청소용품,생활용품
스팀 청소기 1개,청소용품,생활용품
스팀 해빙기,기타 생활용품,생활용품
스팀다리미,재봉공구,생활용품
스팀해빙기,용접/납공구,일반공구
스패너,기타 일반공구,일반공구
스패너,기타 일반공구,일반공구
스패너 12개),몽키/렌치/스패너,일반공구
스패너 세트,몽키/렌치/스패너,일반공구
스패너 세트 1개,몽키/렌치/스패너,일반공구
스패너(100mm),몽키/렌치/스패너,일반공구
스패너(200mm),몽키/렌치/스패너,일반공구
스패너(250mm),몽키/렌치/스패너,일반공구
스패너(300mm),몽키/렌치/스패너,일반공구
스패너(3종),몽키/렌치/스패너,일반공구
스패너(450mm),몽키/렌치/스패너,일반공구
스패너(610mm),몽키/렌치/스패너,일반공구
스패너(크기별),몽키/렌치/스패너,일반공구
스패너세트,몽키/렌치/스패너,일반공구
스패너세트(14P),몽키/렌치/스패너,일반공구
스패너세트(14p),몽키/렌치/스패너,일반공구
스패너세트(6P),몽키/렌치/스패너,일반공구
스패너세트/6PCS,몽키/렌치/스패너,일반공구
스패너셋,몽키/렌치/스패너,일반공구
스패너셋트,몽키/렌치/스패너,일반공구
스패너셋트(10-21) 1개,몽키/렌치/스패너,일반공구
스페너,몽키/렌치/스패너,일반공구
스페너 세트(6P),몽키/렌치/스패너,일반공구
스프레이 스티커 제거제,기타공구,기타공구
스프레이접착제,기타공구,기타공구
스프링 청소기,청소용품,생활용품
스프링청소기,기타공구,기타공구
"스프링청소기(주방,하수구)",청소용품,생활용품
스프링청소기20M,기타 일반공구,일반공구
스피녀 핸들 1개,몽키/렌치/스패너,일반공구
슬레지해머(함마),망치/함마/장도리,일반공구
슬립 조인트 프라이어,니퍼/펜치/플라이어,일반공구
시계 드라이버 셋트,드라이버,일반공구
시계DR세트,드라이버,일반공구
시계드라이버,드라이버,일반공구
시계드라이버 set,드라이버,일반공구
시계드라이버 셋,드라이버,일반공구
시계드라이버(6PC),드라이버,일반공구
시계드라이버세트,드라이버,일반공구
시계드라이버세트(NO-930),드라이버,일반공구
실납,용접/납공구,일반공구
실란트 건,기타 일반공구,일반공구
실리콘 건,기타 일반공구,일반공구
실리콘 건,기타 일반공구,일반공구
실리콘 건 (카탓형),기타공구,기타공구
실리콘 건 1개,타카/접착용품,일반공구
실리콘 기기,타카/접착용품,일반공구
실리콘 제거기,기타 일반공구,일반공구
실리콘 제거제,타카/접착용품,일반공구
실리콘 총,기타 일반공구,일반공구
실리콘건,기타공구,기타공구
실리콘건,기타공구,기타공구
실리콘건 1개,타카/접착용품,일반공구
실리콘건(&심),타카/접착용품,일반공구
실리콘건(1),타카/접착용품,일반공구
실리콘건(실리콘x),타카/접착용품,일반공구
실리콘바이오,기타공구,기타공구
실리콘분사기,타카/접착용품,일반공구
실리콘진,타카/접착용품,일반공구
실타카,기타 일반공구,일반공구
실톱,톱/낫/삽/원예공구,일반공구
실톱(쇠톱),톱/낫/삽/원예공구,일반공구
실톱세트,톱/낫/삽/원예공구,일반공구
십자 드라이버,드라이버,일반공구
십자드라이버,드라이버,일반공구
십자드라이버(15cm),드라이버,일반공구
십자드라이버(대),드라이버,일반공구
"쌍발 발펌프(자전거,공,튜브)",기타공구,기타공구
아나로그 테스터기,기타공구,기타공구
아나로그테스터기,기타 일반공구,일반공구
아날로그 테스터기,기타 일반공구,일반공구
아이스박스,기타 생활용품,생활용품
아이스박스 21L,캠핑용품,생활용품
아이스박스(54L),기타 생활용품,생활용품
아이스쿨러,기타공구,기타공구
아임삭 비트세트,비트,전동공구
아임삭 충전 드릴(무선),전동드릴,전동공구
아임삭 충전 임팩 드라이버,전동드라이버,전동공구
아임삭 충전드릴,전동드릴,전동공구
아임삭 콤보드릴,전동드릴,전동공구
아임삭충전드릴,전동드릴,전동공구
아크용접기,용접/납공구,일반공구
아크용접기 세트,기타 전동공구,전동공구
아티카 전동 임팩드릴(IP-0909),전동드릴,전동공구
아펙슨 손타카 AT-519,타카/접착용품,일반공구
안면보안경,안전용품,전동공구
안전그네전신형 (원터치형),기타공구,기타공구
안전띠,기타공구,기타공구
안전로프,기타공구,기타공구
안전모,기타공구,기타공구
알루미늄 클러치 목발,기타 생활용품,생활용품
알루미늄 파이프렌치(250mm),몽키/렌치/스패너,일반공구
알루미늄 파이프렌치(350mm),몽키/렌치/스패너,일반공구
알루미늄 파이프렌치(450mm),몽키/렌치/스패너,일반공구
알루미늄파이프렌치,몽키/렌치/스패너,일반공구
알미늄 사다리 1개,사다리,일반공구
알미늄톱,톱/낫/삽/원예공구,일반공구
알미늄톱(만능톱),톱/낫/삽/원예공구,일반공구
알미늄톱대,커터/절단공구,일반공구
알패드33 테이블용 스탠드,기타공구,기타공구
암갓다,커터/절단공구,일반공구
암갓다,커터/절단공구,일반공구
암갓다(암커터),기타 일반공구,일반공구
암커터,커터/절단공구,일반공구
암파이프렌치 18,몽키/렌치/스패너,일반공구
암파이프렌치 18인치,몽키/렌치/스패너,일반공구
압착기,압축/오일,일반공구
압착펜치,니퍼/펜치/플라이어,일반공구
압축기 2개,압축/오일,일반공구
앙카드릴,전동드릴,전동공구
앙카함마드릴,해머드릴,전동공구
애견 이발기,미용가전,생활용품
앵글 그라인더,그라인더,전동공구
앵글(디스크) 그라인더,기타 일반공구,일반공구
앵글그라인다,그라인더,전동공구
앵글그라인더,그라인더,전동공구
앵글그라인더(고글 포함),기타 일반공구,일반공구
앵글글라인더,그라인더,전동공구
야외용 탁자,캠핑용품,생활용품
야전삽,톱/낫/삽/원예공구,일반공구
양구스패너,몽키/렌치/스패너,일반공구
양구스패너(17mm),몽키/렌치/스패너,일반공구
양구스페너 세트,몽키/렌치/스패너,일반공구
양날드라이버(15cm),드라이버,일반공구
양날톰,커터/절단공구,일반공구
양날톱,톱/낫/삽/원예공구,일반공구
양날톱(목공용 톱),톱/낫/삽/원예공구,일반공구
양동이,톱/낫/삽/원예공구,일반공구
양변기청소기,청소용품,생활용품
양손 가위,커터/절단공구,일반공구
양손 대가위,커터/절단공구,일반공구
양손 전지가위 / 사진과 다릅니다.,톱/낫/삽/원예공구,일반공구
양손 전지가위(전정가위),커터/절단공구,일반공구
양손가위,기타공구,기타공구
양손대가위,톱/낫/삽/원예공구,일반공구
양손전지가위,커터/절단공구,일반공구
양손조경가위,커터/절단공구,일반공구
양용 드라이버,드라이버,일반공구
양용 드라이버 1개,드라이버,일반공구
양용 드라이버 2개,드라이버,일반공구
양용D/R,드라이버,일반공구
양용드라이버,드라이버,일반공구
양용드라이버 D01-150mm,드라이버,일반공구
양용드라이버2개,드라이버,일반공구
어댑터,기타 생활용품,생활용품
어린이 공구놀이세트,공구세트,일반공구
에아컴프레셔,에어건/콤프레셔,전동공구
에어 콤프레셔,에어건/콤프레셔,전동공구
에어 타카,타카/접착용품,일반공구
에어건,기타공구,기타공구
에어건(청소건),에어건/콤프레셔,전동공구
"에어건(청소건,콤프라샤용)",에어건/콤프레셔,전동공구
"에어건,에어코일호스",에어건/콤프레셔,전동공구
"에어건,에어호스",청소용품,생활용품
에어건세트,에어건/콤프레셔,전동공구
에어게이지,자/측정공구,일반공구
에어스프레이건,도장/페인트,일반공구
"에어스프레이건 세트(건, 페인트통)",에어건/콤프레셔,전동공구
에어컴프레서,기타 일반공구,일반공구
에어컴프레셔,에어건/콤프레셔,전동공구
에어콤푸레샤,에어건/콤프레셔,전동공구
에어콤프레샤,에어건/콤프레셔,전동공구
에어콤프레셔,에어건/콤프레셔,전동공구
에어타카,타카/접착용품,일반공구
에어타카,타카/접착용품,일반공구
에어타카 + 콤프레셔 세트,타카/접착용품,일반공구
에어타카(6mm),타카/접착용품,일반공구
에어타카(I핀),전동타카,전동공구
에어타카(ㄷ핀),전동타카,전동공구
에어타카(가구),전동타카,전동공구
"에어타카(목재, 콘크리트)",전동타카,전동공구
에어타카(콘크리트),전동타카,전동공구
"에어타카(콘트리트, 목재겸용)",목공/미장,일반공구
에어타커,전동타카,전동공구
에어펌프,캠핑용품,생활용품
에어호스,기타 일반공구,일반공구
에어호스(자동카플링포함),기타 일반공구,일반공구
에어호스7.5m,기타 일반공구,일반공구
에코링크,기타 생활용품,생활용품
엑셀가위,커터/절단공구,일반공구
엑스본드건,기타 일반공구,일반공구
엔진용품,기타공구,기타공구
엘렌치,몽키/렌치/스패너,일반공구
여행용캐리어(20L),기타 생활용품,생활용품
여행용캐리어(24L),기타 생활용품,생활용품
연마석(60방),기타 일반공구,일반공구
연마석(A타입),기타 일반공구,일반공구
연막기,청소용품,생활용품
연막소독기,기타공구,기타공구
연장코드선,전선릴,전동공구
열풍기,기타공구,기타공구
열풍기 히팅건,기타공구,기타공구
열풍기 히팅건(유선),기타공구,기타공구
열풍기(히팅건),기타 전기제품,전동공구
열화상카메라,기타공구,기타공구
예초기,기타 전기제품,전동공구
예초기 무?보호대,기타공구,기타공구
예초기 본체,기타공구,기타공구
예초기 안면보호대,기타공구,기타공구
예초기 엔진,기타공구,기타공구
예초기(전화문의),기타 전기제품,전동공구
예초기(충전용),기타 전동공구,전동공구
예초기-나일론 날,톱/낫/삽/원예공구,일반공구
예초기류,톱/낫/삽/원예공구,일반공구
오링풀러(송곳 세트),기타 일반공구,일반공구
오비탈샌더,샌더/대패,전동공구
오토릴(버튼식) KE-BAR(1.53*20),,
옥스퍼드 블록,기타 생활용품,생활용품
옥집게,니퍼/펜치/플라이어,일반공구
온라인회의세트,기타공구,기타공구
옵세트,전동절단/톱/직소,전동공구
옵셋트날,커터/절단공구,일반공구
와우스틱,전동드라이버,전동공구
와이어 로프 커터,커터/절단공구,일반공구
와이어 볼트 커터,커터/절단공구,일반공구
와이어 브러쉬,기타공구,기타공구
와이어 스트리퍼,니퍼/펜치/플라이어,일반공구
와이어 커터,커터/절단공구,일반공구
와이어니퍼,니퍼/펜치/플라이어,일반공구
와이어브러쉬,기타 일반공구,일반공구
와이어스트니퍼,니퍼/펜치/플라이어,일반공구
와이어컷터,커터/절단공구,일반공구
와플팬(소형),기타 생활용품,생활용품
외날톱,톱/낫/삽/원예공구,일반공구
외날톱 1개,톱/낫/삽/원예공구,일반공구
"외날톱(265mm, 300mm)",톱/낫/삽/원예공구,일반공구
외낫,톱/낫/삽/원예공구,일반공구
용접기,기타 전기제품,전동공구
용접면,기타공구,기타공구
우레탄 망치 2개,망치/함마/장도리,일반공구
우마,기타 일반공구,일반공구
우마 사다리,사다리,일반공구
우산,기타 생활용품,생활용품
운반캐리어,바퀴/핸드카,일반공구
워드캡쳐,기타 생활용품,생활용품
워킹메다,자/측정공구,일반공구
워킹메타,자/측정공구,일반공구
워터 펌프 플라이어,니퍼/펜치/플라이어,일반공구
워터펌프 플라이어,니퍼/펜치/플라이어,일반공구
워터펌프플라이어,기타 일반공구,일반공구
워터펌프플라이어 12인치,니퍼/펜치/플라이어,일반공구
워터펌프플라이어 1개,니퍼/펜치/플라이어,일반공구
워터펌프플라이어(첼라),니퍼/펜치/플라이어,일반공구
원목 바둑판,기타 생활용품,생활용품
원목 체스판,기타 생활용품,생활용품
원예가위 1개,톱/낫/삽/원예공구,일반공구
원예공구,톱/낫/삽/원예공구,일반공구
원예용가위1,톱/낫/삽/원예공구,일반공구
원예용가위2,톱/낫/삽/원예공구,일반공구
원예전지가위,청소용품,생활용품
원터치 육각텐트,기타 생활용품,생활용품
원터치텐트,기타 생활용품,생활용품
원형 샌더기,샌더/대패,전동공구
원형 톱 1개,톱/낫/삽/원예공구,일반공구
원형샌다,샌더/대패,전동공구
원형샌더,샌더/대패,전동공구
원형센더 1개,샌더/대패,전동공구
원형전기톱,톱/낫/삽/원예공구,일반공구
원형톱,톱/낫/삽/원예공구,일반공구
원형톱(CS-7CA),전동절단/톱/직소,전동공구
원형톱마끼다,톱/낫/삽/원예공구,일반공구
유닉스매직기,미용가전,생활용품
유리창 로봇청소기,청소용품,생활용품
유리창 청소기,청소용품,생활용품
유리칼,커터/절단공구,일반공구
유리칼 1개,커터/절단공구,일반공구
유모차,기타 생활용품,생활용품
유무선 드릴,전동드릴,전동공구
유선 그라인더,그라인더,전동공구
유선 그라인더(100m/4인치),그라인더,전동공구
유선 다용도 톱(직소기),전동절단/톱/직소,전동공구
유선 드릴,전동드릴,전동공구
유선 디스크 그라인더,그라인더,전동공구
유선 디스크 그라인더,그라인더,전동공구
유선 전기톱,기타 일반공구,일반공구
유선 전동 드릴,전동드릴,전동공구
유선 전동드릴,전동드릴,전동공구
유선 직쏘,전동절단/톱/직소,전동공구
유선 컷쏘,전동절단/톱/직소,전동공구
유선 해머드릴,전동드릴,전동공구
유선(햄머)전동드릴,전동드릴,전동공구
유선/글루건,타카/접착용품,일반공구
유선/전동그라인더,그라인더,전동공구
유선/전동드릴,전동드릴,전동공구
유선/전동드릴세트(수공구세트 포함),전동드릴,전동공구
유선/전동일자톱,전동절단/톱/직소,전동공구
유선그라인더,그라인더,전동공구
유선드라이버드릴,전동드릴,전동공구
유선드릴,전동드릴,전동공구
유선드릴,전동드릴,전동공구
유선드릴(대형),전동드릴,전동공구
유선임팩트드릴,전동드릴,전동공구
유선임팩트드릴(구형),전동드릴,전동공구
유선전기드릴,전동드릴,전동공구
유선전동드릴,전동공구세트,전동공구
유선전동드릴,전동공구세트,전동공구
유선전동드릴부속품,전동공구세트,전동공구
유선컷소,전동절단/톱/직소,전동공구
유선컷쏘,전동절단/톱/직소,전동공구
유선햄머전동드릴,전동드릴,전동공구
유선햄머전동드릴/로터리 해머드릴,전동드릴,전동공구
"유아용 캠핑의자(여우,토끼,공룡 각 1개씩)",캠핑용품,생활용품
육각 드라이버 세트,드라이버,일반공구
육각 렌치,몽키/렌치/스패너,일반공구
육각 롱볼렌치센트(접이식),몽키/렌치/스패너,일반공구
육각 볼렌치,몽키/렌치/스패너,일반공구
육각(볼)렌치,몽키/렌치/스패너,일반공구
육각드릴세트,기타 일반공구,일반공구
육각렌지,몽키/렌치/스패너,일반공구
육각렌찌,몽키/렌치/스패너,일반공구
육각렌츠세트,몽키/렌치/스패너,일반공구
육각렌치,공구세트,일반공구
육각렌치 1개,몽키/렌치/스패너,일반공구
육각렌치 8세트,몽키/렌치/스패너,일반공구
육각렌치 세트,공구세트,일반공구
육각렌치(대),몽키/렌치/스패너,일반공구
육각렌치(별렌치 포함),공구세트,일반공구
육각렌치(소) 1개,몽키/렌치/스패너,일반공구
육각렌치Set(15EA) 1개,몽키/렌치/스패너,일반공구
육각렌치링,몽키/렌치/스패너,일반공구
육각렌치세트,기타 일반공구,일반공구
육각렌치세트(BHW-9),기타 일반공구,일반공구
육각렌치세트(스텐리),몽키/렌치/스패너,일반공구
육각렌치셋트,몽키/렌치/스패너,일반공구
육각링렌치세트,몽키/렌치/스패너,일반공구
육각복수세트,몽키/렌치/스패너,일반공구
육각볼,기타 일반공구,일반공구
육각볼렌치,몽키/렌치/스패너,일반공구
육각비트세트,기타 일반공구,일반공구
육각접랜치,몽키/렌치/스패너,일반공구
육모렌치,몽키/렌치/스패너,일반공구
윤활방청제,압축/오일,일반공구
윤활방향제,기타공구,기타공구
윤활유,압축/오일,일반공구
읛찌,니퍼/펜치/플라이어,일반공구
읛치,기타 일반공구,일반공구
이단전지가위,톱/낫/삽/원예공구,일반공구
이동식 앰프,행사용품,생활용품
이동식 조명등,디지털가전,생활용품
이동식 충전 앰프,행사용품,생활용품
이동형 공구함용 공구세트(육각렌치 세트),공구세트,일반공구
이동형 배경시스템,기타공구,기타공구
이발기,미용가전,생활용품
이중사다리,사다리,일반공구
이중실린더펌프(대) 1개,압축/오일,일반공구
이지스트리퍼,기타공구,기타공구
인그레이버,기타공구,기타공구
인두,기타 생활용품,생활용품
인두기,기타 일반공구,일반공구
인두기(납땜기),기타 전기제품,전동공구
인두기(엑소),기타 일반공구,일반공구
"인두보조제, 납",타카/접착용품,일반공구
"인두보조제,납",기타 일반공구,일반공구
인두용실납,용접/납공구,일반공구
인파이프 렌치,몽키/렌치/스패너,일반공구
일반 드릴,전동드릴,전동공구
일반 전선릴,전선릴,전동공구
일반 전선릴(30m),전선릴,전동공구
일반공구세트,공구세트,일반공구
일반용공구세트,기타 일반공구,일반공구
일반톱,톱/낫/삽/원예공구,일반공구
일자 드라이버,드라이버,일반공구
일자/십자 드라이버,드라이버,일반공구
일자가위,기타 생활용품,생활용품
일자겸용 충전드릴,기타 전동공구,전동공구
일자겸용충전드릴,전동드릴,전동공구
일자경용 충전드릴,전동드릴,전동공구
일자드라이버,드라이버,일반공구
일자드라이버(대),드라이버,일반공구
일자드라이버(중),드라이버,일반공구
일자십자겸용드라이버,드라이버,일반공구
일자톱,톱/낫/삽/원예공구,일반공구
임팩 드라이버드릴,드라이버,일반공구
임팩 드릴드라이버,전동드릴,전동공구
임팩 렌치,몽키/렌치/스패너,일반공구
임팩드라이버,드라이버,일반공구
임팩드릴,전동드릴,전동공구
임팩드릴비트세트,타카/접착용품,일반공구
임팩소켓 세트,기타 일반공구,일반공구
임팩용 철기리 콘크리트기리,기타 전동공구,전동공구
임팩전동드릴,전동드릴,전동공구
임팩전동드릴(10),전동드릴,전동공구
임팩트 드릴,전동드릴,전동공구
"임팩트(해머) 드릴(유선,보쉬)",전동공구세트,전동공구
임팩트드라이버,전동드라이버,전동공구
임팩트드라이버 콤보세트,전동드릴,전동공구
임팩트드릴,드라이버,일반공구
임팩트드릴(무선),전동드릴,전동공구
임팩트비트소켓세트,기타공구,기타공구
임팩트전동드릴,전동드라이버,전동공구
임펙충전드릴(1개),전동드릴,전동공구
임펙트드릴(무선),전선릴,전동공구
임펙트드릴(유선),전선릴,전동공구
임펙트클러치 2개,기타 일반공구,일반공구
자/측정공구,자/측정공구,일반공구
자동센터펀치,기타 일반공구,일반공구
자동스트리퍼,커터/절단공구,일반공구
자동스트립퍼 1개,니퍼/펜치/플라이어,일반공구
자동스패너(大),몽키/렌치/스패너,일반공구
자동스패너(小),몽키/렌치/스패너,일반공구
자동차 점프스타터,기타공구,기타공구
자동차용 공구,기타 일반공구,일반공구
자동차용 공구세트,공구세트,일반공구
자동차점프선,전선릴,전동공구
자동차정비용 공구세트,공구세트,일반공구
자동토치,캠핑용품,생활용품
자물쇠절단기,커터/절단공구,일반공구
자석 수평자,자/측정공구,일반공구
자석밴드,기타 일반공구,일반공구
자석수평,기타공구,기타공구
자석수평-450MM,자/측정공구,일반공구
자석수평계,자/측정공구,일반공구
자석줄자,자/측정공구,일반공구
자야 공구세트,기타 일반공구,일반공구
자야 해머충전드릴,전동공구세트,전동공구
자야공구세트,공구세트,일반공구
자전거 공구세트,자전거공구,일반공구
자전거 공구세트(몇 개 파트 분실-사진 참고),공구세트,일반공구
자전거 공기주입기,자전거공구,일반공구
자전거 관리공구세트,자전거공구,일반공구
자전거 쌍발펌프(공기주입),자전거공구,일반공구
자전거 에어 펌프,기타공구,기타공구
자전거 점프,기타 생활용품,생활용품
자전거 정비용 공구세트,자전거공구,일반공구
자전거 펌프,기타공구,기타공구
자전거공구,자전거공구,일반공구
자전거공구세트,자전거공구,일반공구
자전거공기주입기,기타 일반공구,일반공구
자전거공기펌프,자전거공구,일반공구
자전거관리 공구세트,자전거공구,일반공구
자전거관리공구세트,자전거공구,일반공구
자전거펌프,기타 생활용품,생활용품
작업대 3개,안전용품,전동공구
작업등,기타공구,기타공구
작업등(충전),기타공구,기타공구
작업렌턴,랜턴,전동공구
작업선,기타공구,기타공구
작업연장선 28m,기타 일반공구,일반공구
작업용LED,기타공구,기타공구
작은 사다리(2단/3단),사다리,일반공구
작은 줄자,자/측정공구,일반공구
작은톱,톱/낫/삽/원예공구,일반공구
잡톱(대) 1개,톱/낫/삽/원예공구,일반공구
장갑 1타스,안전용품,전동공구
장대 감따개,기타 생활용품,생활용품
장도리,망치/함마/장도리,일반공구
장도리 450g,망치/함마/장도리,일반공구
장도리(망치),망치/함마/장도리,일반공구
장도리망치,망치/함마/장도리,일반공구
장바구니,기타 생활용품,생활용품
장바구니 캐리어,기타 생활용품,생활용품
저소음컴프레셔(1마력),에어건/콤프레셔,전동공구
저울,기타 생활용품,생활용품
저주파 마사지기,기타 생활용품,생활용품
적외선 온도 측정기,자/측정공구,일반공구
적외선 온도계,기타공구,기타공구
적외선 온도계,기타공구,기타공구
적외선 체온계,기타공구,기타공구
전공 드라이버,드라이버,일반공구
전공드라이버,드라이버,일반공구
전공드라이버 4개,드라이버,일반공구
"전공드라이버(+,-)",드라이버,일반공구
전공드라이버(롱),드라이버,일반공구
전공드라이버(숏),드라이버,일반공구
전공양용 드라이버,드라이버,일반공구
전공양용드라이버,드라이버,일반공구
전공절연드라이버,드라이버,일반공구
전기 그라인더,그라인더,전동공구
전기 납땜인두기,용접/납공구,일반공구
전기 드라이버,전동드라이버,전동공구
전기 리드선,기타 일반공구,일반공구
전기 릴선,기타 일반공구,일반공구
전기 샌더,샌더/대패,전동공구
전기 인두,기타 일반공구,일반공구
전기 인두기,용접/납공구,일반공구
전기 인두기 세트,용접/납공구,일반공구
전기 체인톱,전동공구세트,전동공구
전기 타카,전동타카,전동공구
전기 테스터기,자/측정공구,일반공구
전기 해머드릴(16MM),해머드릴,전동공구
전기 해머드릴세트,해머드릴,전동공구
전기검정기,기타 일반공구,일반공구
전기고속 절단기,전동절단/톱/직소,전동공구
전기그라인더,그라인더,전동공구
전기그라인더(절단기),그라인더,전동공구
전기납땜,기타 전기제품,전동공구
전기납땜 인두기,용접/납공구,일반공구
전기닐선,전선릴,전동공구
전기닐선1개,전선릴,전동공구
전기대패,목공/미장,일반공구
전기대패1개,샌더/대패,전동공구
전기드라이버,전동드라이버,전동공구
전기드릴,기타 전기제품,전동공구
전기드릴 / 비트 SET,전동드릴,전동공구
전기드릴 1개,전동드릴,전동공구
전기드릴 부속,기타 일반공구,일반공구
전기드릴 비트,못/나사/철사,일반공구
전기드릴 비트세트,공구세트,일반공구
전기드릴(기리세트 별도),전동드릴,전동공구
전기드릴(무선),전동드릴,전동공구
전기드릴(유선),전동드릴,전동공구
전기드릴(해머드릴),전동드릴,전동공구
"전기드릴/비트 SET (예약시 전화주세요 02-2241-5084) 2박3일 2,000원",,
전기드릴2,전동드릴,전동공구
전기드릴3개,전동드릴,전동공구
전기드릴드라이버 3개,전동드릴,전동공구
전기드릴비트,기타 일반공구,일반공구
전기디스크 그라인더,그라인더,전동공구
전기디스크그라인더,그라인더,전동공구
전기릴,기타 생활용품,생활용품
전기릴선,기타공구,기타공구
전기릴선,기타공구,기타공구
전기릴선  30m,전선릴,전동공구
전기릴선(20m),전선릴,전동공구
전기릴선(30M),기타 일반공구,일반공구
전기릴선(30m),전선릴,전동공구
전기릴선(50m),전선릴,전동공구
전기릴선30M,전선릴,전동공구
전기물통포트,행사용품,생활용품
전기변속지그톱,전동드릴,전동공구
전기보온물통,기타 생활용품,생활용품
전기송풍기,기타 전기제품,전동공구
전기연결선,기타 전기제품,전동공구
전기연장선,기타 전기제품,전동공구
전기용접기,용접/납공구,일반공구
전기인두,기타공구,기타공구
전기인두30W,용접/납공구,일반공구
전기임팩드릴 1개,전동드릴,전동공구
전기임펙드릴,전동드릴,전동공구
전기임펙트드릴,전동드릴,전동공구
전기직소,전동절단/톱/직소,전동공구
전기진동드릴,전동드릴,전동공구
전기체인톱,전동절단/톱/직소,전동공구
전기타카,전동타카,전동공구
전기타카,전동타카,전동공구
전기타카ㄷ자못사용,전동타카,전동공구
전기테스터기,자/측정공구,일반공구
전기톱,전동공구세트,전동공구
전기톱(목재절단기),전동절단/톱/직소,전동공구
전기톱(컷소),기타 전동공구,전동공구
전기플러그 꽂아 쓰는 해머(함마)드릴,해머드릴,전동공구
전기피복 탈피기,기타 일반공구,일반공구
전기해머드릴,전동드릴,전동공구
전기헤머드릴,해머드릴,전동공구
전동 그라인더,그라인더,전동공구
전동 드라이버,드라이버,일반공구
전동 드라이버(전동 스크류드라이버),전동드릴,전동공구
전동 드라이버세트,전동드라이버,전동공구
전동 드릴,전동드라이버,전동공구
전동 드릴 세트,전동드릴,전동공구
전동 드릴(충전식),전동드라이버,전동공구
전동 드릴드라이버,전동드라이버,전동공구
전동 무선드릴,전동드릴,전동공구
전동 샌딩기,기타 전동공구,전동공구
전동 스크루 드라이버,전동드라이버,전동공구
전동 스크류 드라이버,전동드라이버,전동공구
전동 임팩트 드릴,전동드릴,전동공구
전동 커터기(그라인더),전동절단/톱/직소,전동공구
전동 컷쇼,전동절단/톱/직소,전동공구
전동 톱,전동절단/톱/직소,전동공구
전동 해머 드릴,해머드릴,전동공구
전동 해머드릴,해머드릴,전동공구
전동 해머드릴,해머드릴,전동공구
전동 휘핑기,기타 생활용품,생활용품
전동공구,전동공구세트,전동공구
전동공구 1개,전동공구세트,전동공구
전동공구 2개,전동공구세트,전동공구
전동공구 풀세트,공구세트,일반공구
전동공구세트,전동공구세트,전동공구
전동공구세트 (보조용품),기타 전동공구,전동공구
전동공구세트(기리세트),전동공구세트,전동공구
전동그라인더,기타 일반공구,일반공구
전동드라이버,드라이버,일반공구
전동드라이버,드라이버,일반공구
전동드라이버 (미니)_mini,드라이버,일반공구
전동드라이버 수공구세트,공구세트,일반공구
전동드라이버(대),드라이버,일반공구
전동드라이버(마키타 6281D 14.4V),전동드라이버,전동공구
전동드라이버(보쉬 GDR18V-EC),전동드라이버,전동공구
전동드라이버(보쉬),전동드라이버,전동공구
전동드라이버(소),드라이버,일반공구
전동드라이버(해머기능없음),전동드릴,전동공구
전동드라이버3개,전동드라이버,전동공구
전동드라이버용 비트세트,기타 일반공구,일반공구
전동드릴,기타 일반공구,일반공구
전동드릴,기타 일반공구,일반공구
전동드릴 1개,전동드릴,전동공구
전동드릴 2종,전동드릴,전동공구
전동드릴 및 전동드라이버,전동드릴,전동공구
전동드릴 비트,비트,전동공구
전동드릴 비트세트,비트,전동공구
전동드릴 세트,전동공구세트,전동공구
전동드릴(1),전동드릴,전동공구
전동드릴(계양 DMV-13K),전동드릴,전동공구
전동드릴(드라이버 사용 불가),전동드릴,전동공구
전동드릴(무선 오렌지),전동드라이버,전동공구
전동드릴(무선),전동드릴,전동공구
"전동드릴(무선, 충천용)",전동드릴,전동공구
전동드릴(보쉬 GSR14.4-2),전동드릴,전동공구
전동드릴(비트 미포함),전동드릴,전동공구
전동드릴(소),전동드릴,전동공구
전동드릴(소형),전동드릴,전동공구
전동드릴(유?무선),전선릴,전동공구
전동드릴(유무선),전동드릴,전동공구
전동드릴(유선),전동드릴,전동공구
전동드릴(중형),전동드릴,전동공구
전동드릴(충전식 무선),전동드릴,전동공구
전동드릴(충전식),전동드릴,전동공구
전동드릴(충전형),전동드릴,전동공구
전동드릴(콘센트식),전동드라이버,전동공구
전동드릴(해머드릴),전동드릴,전동공구
전동드릴(햄머드릴),전동드릴,전동공구
전동드릴(햄머드릴),전동드릴,전동공구
전동드릴1,해머드릴,전동공구
전동드릴2,해머드릴,전동공구
전동드릴공구세트,전동공구세트,전동공구
전동드릴드라이버,전동드릴,전동공구
전동드릴드라이버 세트(해머기능없음),전동드릴,전동공구
전동드릴드라이버세트,전동공구세트,전동공구
전동드릴비트,비트,전동공구
전동드릴비트 파우치 세트,비트,전동공구
전동드릴세트,전동공구세트,전동공구
전동드릴세트 1개,전동드릴,전동공구
"전동드릴세트(전동드릴1, 해머드릴1)",전동드릴,전동공구
전동드릴키트A(유선),해머드릴,전동공구
전동드릴키트B(유선),전동드릴,전동공구
전동드릴키트C(유선),전동드릴,전동공구
전동무선드릴,전동드릴,전동공구
전동샌더,샌더/대패,전동공구
전동에어펌프,기타 전동공구,전동공구
전동원형톱,전동절단/톱/직소,전동공구
전동일자톱,전동절단/톱/직소,전동공구
전동일자톱,전동절단/톱/직소,전동공구
전동임팩드라이버,전동드라이버,전동공구
전동임팩트드릴,전동드릴,전동공구
전동직소기톱,전동절단/톱/직소,전동공구
전동충전드릴,전동드릴,전동공구
전동충전드릴1,전동드릴,전동공구
전동충전드릴2,전동드릴,전동공구
전동칼갈이,기타 생활용품,생활용품
전동타카,타카/접착용품,일반공구
"전동타카, 타카핀세트",전동타카,전동공구
전동톱,전동절단/톱/직소,전동공구
전동펌프,기타 전기제품,전동공구
전동함마드릴,해머드릴,전동공구
전동해머 드릴세트,전동공구세트,전동공구
전동해머드릴,기타 전동공구,전동공구
전동해머드릴세트,전동공구세트,전동공구
전력측정기,자/측정공구,일반공구
전선 릴(30M),전선릴,전동공구
전선릴,기타공구,기타공구
전선릴 20m,전선릴,전동공구
전선릴 20미터,전선릴,전동공구
전선릴 50M,전선릴,전동공구
전선릴 접지차단,기타공구,기타공구
전선릴 차단기형,기타 일반공구,일반공구
전선릴(1),전선릴,전동공구
전선릴(30M),기타 일반공구,일반공구
전선릴(30m),전선릴,전동공구
"전선릴(접지,차단)",기타 일반공구,일반공구
전선릴(차단),기타공구,기타공구
전선릴(차단기형),전선릴,전동공구
"전선릴(차단기형, 30m)",전선릴,전동공구
전선릴(차단릴),전선릴,전동공구
전선릴2개,전선릴,전동공구
전선용 피복제거기,기타 일반공구,일반공구
전선코드릴,전선릴,전동공구
전선코드릴(30m),전선릴,전동공구
전선피복 스트리퍼,니퍼/펜치/플라이어,일반공구
전선피복제거기,사무가전,생활용품
전자자동혈압계,기타 생활용품,생활용품
전자저울,자/측정공구,일반공구
전자현미경,기타 생활용품,생활용품
전정 가위(손가위) 1개,톱/낫/삽/원예공구,일반공구
전정 가위(양손가위) 1개,톱/낫/삽/원예공구,일반공구
전정가위,기타 일반공구,일반공구
전정기,기타 전동공구,전동공구
전정용 목재톱,톱/낫/삽/원예공구,일반공구
전정톱,커터/절단공구,일반공구
전정톱,커터/절단공구,일반공구
전정톱 (곡선용),톱/낫/삽/원예공구,일반공구
전정톱(곡선),톱/낫/삽/원예공구,일반공구
전정톱(직선형),톱/낫/삽/원예공구,일반공구
전지가위,기타공구,기타공구
전지가위 1개,톱/낫/삽/원예공구,일반공구
전지가위(200MM),톱/낫/삽/원예공구,일반공구
전지가위(대),기타 일반공구,일반공구
전지가위(소),커터/절단공구,일반공구
전지가위(양손가위),톱/낫/삽/원예공구,일반공구
전지가위5개,톱/낫/삽/원예공구,일반공구
전지용 양손가위,커터/절단공구,일반공구
전지용 양손가위(대),커터/절단공구,일반공구
전지용양손가위,톱/낫/삽/원예공구,일반공구
전지원예가위(P300),톱/낫/삽/원예공구,일반공구
전지원예가위(P350),톱/낫/삽/원예공구,일반공구
전지톱,톱/낫/삽/원예공구,일반공구
전지톱(1),톱/낫/삽/원예공구,일반공구
전톱2개,톱/낫/삽/원예공구,일반공구
절단공구,커터/절단공구,일반공구
절단기,기타공구,기타공구
절단기(대),커터/절단공구,일반공구
절단기(중) 1개,커터/절단공구,일반공구
절단석,기타공구,기타공구
절연공구,기타 일반공구,일반공구
절연공구세트,니퍼/펜치/플라이어,일반공구
절연볼트컷터,커터/절단공구,일반공구
절연저항계,자/측정공구,일반공구
절연테이프,타카/접착용품,일반공구
점프선,기타공구,기타공구
점프선 (엘라스틱 튜닝 슈팅 점프케이블),,
점프선 620A(5M),기타공구,기타공구
점프선(3.5M),기타 일반공구,일반공구
점프선(3M),기타공구,기타공구
점프선(3m),기타 전동공구,전동공구
점프스타터,기타 생활용품,생활용품
점프케이블,전선릴,전동공구
접는 톱,톱/낫/삽/원예공구,일반공구
접렌지,공구세트,일반공구
접렌치,몽키/렌치/스패너,일반공구
접렌치 1개,몽키/렌치/스패너,일반공구
접별 렌치,몽키/렌치/스패너,일반공구
접별렌치,드라이버,일반공구
접육각렌치,몽키/렌치/스패너,일반공구
접이식 교자상,기타 생활용품,생활용품
접이식 끌차,기타 생활용품,생활용품
접이식 별육각렌치 세트,몽키/렌치/스패너,일반공구
접이식 사다리,사다리,일반공구
접이식 쇼핑카트,기타 생활용품,생활용품
접이식 안전사다리(4단),사다리,일반공구
접이식 육각렌치,몽키/렌치/스패너,일반공구
접이식 육각렌치 세트,몽키/렌치/스패너,일반공구
접이식 육각렌치세트,몽키/렌치/스패너,일반공구
접이식 장바구니 / 캐리어 / 카트,기타 생활용품,생활용품
접이식 지팡이,기타 생활용품,생활용품
접이식 침대,기타 생활용품,생활용품
접이식 카트,기타공구,기타공구
접이식 카트,기타공구,기타공구
접이식 카트(구루마),바퀴/핸드카,일반공구
접이식 카트(우레탄 바퀴),바퀴/핸드카,일반공구
접이식 톱,톱/낫/삽/원예공구,일반공구
접이식 핸드카트,기타 생활용품,생활용품
접이식사다리,사다리,일반공구
접이식사다리(가정용A),사다리,일반공구
접이식육각렌치,몽키/렌치/스패너,일반공구
접이식육각렌치세트,몽키/렌치/스패너,일반공구
접이식카트,기타 생활용품,생활용품
접이식톱,톱/낫/삽/원예공구,일반공구
접이식핸드카트,기타 생활용품,생활용품
접이식휠체어,기타 생활용품,생활용품
접이식휴대용카트,기타 생활용품,생활용품
접이톱,커터/절단공구,일반공구
접이형 사다리 3단,사다리,일반공구
접지전선닐,전선릴,전동공구
접톱,커터/절단공구,일반공구
접톱,커터/절단공구,일반공구
접톱 1개,톱/낫/삽/원예공구,일반공구
접톱(2),톱/낫/삽/원예공구,일반공구
접톱(240mm),톱/낫/삽/원예공구,일반공구
접톱(270mm),톱/낫/삽/원예공구,일반공구
접톱(접이식 톱),톱/낫/삽/원예공구,일반공구
접톱(치타),톱/낫/삽/원예공구,일반공구
접톱(치타)(2),톱/낫/삽/원예공구,일반공구
정,커터/절단공구,일반공구
정공양용 드라이버,드라이버,일반공구
정밀 드라이버,드라이버,일반공구
정밀 드라이버 세트,드라이버,일반공구
정밀 드라이버 수공구 세트,기타 전동공구,전동공구
정밀 드라이버셋트,공구세트,일반공구
정밀드라이버,드라이버,일반공구
정밀드라이버 3종 세트,드라이버,일반공구
정밀드라이버 세트,드라이버,일반공구
정밀드라이버세트,공구세트,일반공구
정밀드라이버세트 Q9006P-A(6pcs),드라이버,일반공구
정밀드라이버세트(6PCS),드라이버,일반공구
정밀드라이버세트(6개),드라이버,일반공구
정밀드라이버세트2개,드라이버,일반공구
정밀드라이버셋트,드라이버,일반공구
제사상,기타 생활용품,생활용품
제설 및 청소용품,청소용품,생활용품
제일타카 F30,타카/접착용품,일반공구
제일타카(소),타카/접착용품,일반공구
제일타카(중),타카/접착용품,일반공구
젠가,기타 생활용품,생활용품
조각기세트3개,목공/미장,일반공구
조각도세트,공구세트,일반공구
조개갈퀴3발,톱/낫/삽/원예공구,일반공구
조개갈퀴4발,톱/낫/삽/원예공구,일반공구
조경 가위,톱/낫/삽/원예공구,일반공구
조경(잔디)가위,톱/낫/삽/원예공구,일반공구
조경가위,기타공구,기타공구
조경가위 / 양손가위,톱/낫/삽/원예공구,일반공구
조립톱,톱/낫/삽/원예공구,일반공구
조선낫,톱/낫/삽/원예공구,일반공구
조인트,기타 일반공구,일반공구
조인트 프라이어,니퍼/펜치/플라이어,일반공구
"조인트(10인치, 12인치)",기타 일반공구,일반공구
조인트(첼라),니퍼/펜치/플라이어,일반공구
조인트플라이어,니퍼/펜치/플라이어,일반공구
조합런치셋트 1개,몽키/렌치/스패너,일반공구
조합렌치,몽키/렌치/스패너,일반공구
조합렌치세트,몽키/렌치/스패너,일반공구
조합렌치세트(13m 제외),몽키/렌치/스패너,일반공구
종합 철기리세트,못/나사/철사,일반공구
종합공구세트,공구세트,일반공구
종합공구세트2개,공구세트,일반공구
종홀소,기타 일반공구,일반공구
죠홀슬(스텐딩클램프) 1개,바이스/클램프,일반공구
주먹 드라이버,드라이버,일반공구
주먹드라이버,드라이버,일반공구
주먹양용드라이버,드라이버,일반공구
주먹양용드라이버 1개,드라이버,일반공구
주먹조절도라이버,드라이버,일반공구
주먹조절드라이버,드라이버,일반공구
줄자,기타공구,기타공구
줄자 1개,자/측정공구,일반공구
줄자 2m,자/측정공구,일반공구
줄자 3m,자/측정공구,일반공구
줄자 3개,자/측정공구,일반공구
"줄자 5,5m",자/측정공구,일반공구
줄자 5.5M,자/측정공구,일반공구
줄자 5.5m,자/측정공구,일반공구
줄자 7.5m,자/측정공구,일반공구
줄자 GL-25-75(고무캡),자/측정공구,일반공구
줄자 그립퍼X,자/측정공구,일반공구
줄자(1),자/측정공구,일반공구
줄자(10m),자/측정공구,일반공구
줄자(2),자/측정공구,일반공구
줄자(2m),자/측정공구,일반공구
줄자(30M),자/측정공구,일반공구
줄자(3M),자/측정공구,일반공구
줄자(3m),자/측정공구,일반공구
줄자(5.5M),자/측정공구,일반공구
줄자(5.5m),기타 일반공구,일반공구
줄자(5.5m×25mm),자/측정공구,일반공구
줄자(50M),자/측정공구,일반공구
줄자(50m),자/측정공구,일반공구
줄자(5M),자/측정공구,일반공구
줄자(5M) 1개,자/측정공구,일반공구
"줄자(5M,2M)",자/측정공구,일반공구
줄자(5m),자/측정공구,일반공구
줄자(5m) 1개,자/측정공구,일반공구
줄자(5개),자/측정공구,일반공구
"줄자(7,5M)",자/측정공구,일반공구
줄자(7.5m),자/측정공구,일반공구
줄자(대형),기타공구,기타공구
줄자(스텐리),자/측정공구,일반공구
줄자(코메론),자/측정공구,일반공구
줄자(타이어),자/측정공구,일반공구
줄자2개,자/측정공구,일반공구
줄자5.5M,자/측정공구,일반공구
줄자세트,자/측정공구,일반공구
줄톱,기타공구,기타공구
줄톱(300mm),톱/낫/삽/원예공구,일반공구
줄톱(30CM),톱/낫/삽/원예공구,일반공구
줄톱(쇠손잡이),톱/낫/삽/원예공구,일반공구
줌라이트,바이스/클램프,일반공구
줌헤드랜턴,기타공구,기타공구
중망치,망치/함마/장도리,일반공구
중전랜턴,랜턴,전동공구
중함마,망치/함마/장도리,일반공구
중해머,망치/함마/장도리,일반공구
중햄머,망치/함마/장도리,일반공구
쥐꼬리 톱날,톱/낫/삽/원예공구,일반공구
쥐꼬리톱,톱/낫/삽/원예공구,일반공구
쥐톱,톱/낫/삽/원예공구,일반공구
지갑톱,톱/낫/삽/원예공구,일반공구
지그톱,전동절단/톱/직소,전동공구
지렛대(빠루),기타 일반공구,일반공구
지팡이,기타 생활용품,생활용품
지팡이 보행보조기,기타 생활용품,생활용품
직각자,자/측정공구,일반공구
직각자 1개,자/측정공구,일반공구
직소,기타 일반공구,일반공구
직소 1개,전동절단/톱/직소,전동공구
직소 절단용(합판철판),전동절단/톱/직소,전동공구
"직소(합판, 철판)",커터/절단공구,일반공구
"직소(합판,철판절단)",전동절단/톱/직소,전동공구
"직소(힙판, 철판 절단용)",전동절단/톱/직소,전동공구
직소+날,전동절단/톱/직소,전동공구
직소기,기타 일반공구,일반공구
직소기(GST75BE),전동절단/톱/직소,전동공구
직소기(전기왕복톱),전동절단/톱/직소,전동공구
직소기(카터기),목공/미장,일반공구
직소기3개,전동절단/톱/직소,전동공구
직소날,기타 일반공구,일반공구
직소날,기타 일반공구,일반공구
직소날 철판용,전동절단/톱/직소,전동공구
직소날(목재용),전동절단/톱/직소,전동공구
"직소날(목재용,5P)",기타 일반공구,일반공구
직소날(보쉬),전동절단/톱/직소,전동공구
직소날(철판용),전동절단/톱/직소,전동공구
"직소날(철판용,5P)",기타 일반공구,일반공구
직소절단용(합판철판),전동절단/톱/직소,전동공구
직쏘,톱/낫/삽/원예공구,일반공구
진공펌프,기타공구,기타공구
진동드릴,전동드릴,전동공구
진동드릴 GSB 10RE,전동드릴,전동공구
진드기 청소기,기타공구,기타공구
진드기청소기,청소용품,생활용품
진정톱,톱/낫/삽/원예공구,일반공구
진정톱(곡선),톱/낫/삽/원예공구,일반공구
짐벌,기타공구,기타공구
집먼지진드기 청소기,청소용품,생활용품
집진기연동장치 1개,기타 일반공구,일반공구
집진커버,기타 전기제품,전동공구
집톱,톱/낫/삽/원예공구,일반공구
쪽가위,톱/낫/삽/원예공구,일반공구
쪽가위(다목적가위),기타 일반공구,일반공구
차단릴,전선릴,전동공구
차단릴선,전선릴,전동공구
차량 광택기,기타공구,기타공구
차량용 공구세트,공구세트,일반공구
차량용 에어컴프레셔,에어건/콤프레셔,전동공구
차량용 에어펌프,기타 전기제품,전동공구
차량용 점프선,기타공구,기타공구
차량용 진공청소기,청소용품,생활용품
"차량용,가정용 공구세트",공구세트,일반공구
참브러쉬,도장/페인트,일반공구
창문 로봇 청소기,디지털가전,생활용품
창문 로봇청소기,청소용품,생활용품
창문로봇청소기,기타공구,기타공구
채혈침,기타 생활용품,생활용품
천막,기타 생활용품,생활용품
천체망원경,기타 생활용품,생활용품
철공구박스,기타 일반공구,일반공구
철공용톱 1개,톱/낫/삽/원예공구,일반공구
철근갓다,커터/절단공구,일반공구
철근갓다(600mm),커터/절단공구,일반공구
철근갓다(대),커터/절단공구,일반공구
철근갓다(소),커터/절단공구,일반공구
철근절단기,커터/절단공구,일반공구
철근캇타,커터/절단공구,일반공구
철기리,기타 일반공구,일반공구
철기리 1세트,비트,전동공구
철기리 세트,기타 일반공구,일반공구
철기리세트,못/나사/철사,일반공구
철기리셋,기타 일반공구,일반공구
철기리피스,기타 일반공구,일반공구
철사뭉치,못/나사/철사,일반공구
철삽,톱/낫/삽/원예공구,일반공구
철자,자/측정공구,일반공구
철자 (100cm),자/측정공구,일반공구
철재 공구통,기타 일반공구,일반공구
철재공구통,기타공구,기타공구
철재공구함,기타 일반공구,일반공구
철제 헤라,기타 일반공구,일반공구
철제공구통,기타공구,기타공구
철제톱,톱/낫/삽/원예공구,일반공구
철줄자,자/측정공구,일반공구
철직자 5개,자/측정공구,일반공구
철톱,톱/낫/삽/원예공구,일반공구
철판가위,기타 일반공구,일반공구
철판가위(평형),톱/낫/삽/원예공구,일반공구
철판기리/6MM,드라이버,일반공구
철판기리세트,비트,전동공구
철판드릴 비트,기타 일반공구,일반공구
철판드릴비트,공구세트,일반공구
청소기maktec,청소용품,생활용품
청소기연동장치 1개,청소용품,생활용품
체스,기타 생활용품,생활용품
체온계,기타 생활용품,생활용품
체인 커터기,커터/절단공구,일반공구
체인렌치(550mm),몽키/렌치/스패너,일반공구
체인톱,전동절단/톱/직소,전동공구
첼라,기타공구,기타공구
첼라,기타공구,기타공구
첼라,기타공구,기타공구
첼라 / 체널락,니퍼/펜치/플라이어,일반공구
첼라 10'' 1개,니퍼/펜치/플라이어,일반공구
"첼라 10,12인치",니퍼/펜치/플라이어,일반공구
첼라 1개,니퍼/펜치/플라이어,일반공구
첼라 2개,니퍼/펜치/플라이어,일반공구
첼라 300,니퍼/펜치/플라이어,일반공구
첼라 300mm,니퍼/펜치/플라이어,일반공구
첼라(1),니퍼/펜치/플라이어,일반공구
"첼라(10#,12#)",니퍼/펜치/플라이어,일반공구
첼라(10'),니퍼/펜치/플라이어,일반공구
첼라(10) 3개,니퍼/펜치/플라이어,일반공구
"첼라(10,12#)",니퍼/펜치/플라이어,일반공구
첼라(10인치),니퍼/펜치/플라이어,일반공구
첼라(12'),니퍼/펜치/플라이어,일반공구
첼라(2),니퍼/펜치/플라이어,일반공구
첼라(대),몽키/렌치/스패너,일반공구
첼라(소),니퍼/펜치/플라이어,일반공구
첼라(워터펌프 플라이어),니퍼/펜치/플라이어,일반공구
첼라(워터펌프플라이어),니퍼/펜치/플라이어,일반공구
첼라(워터펌프플라이어)12',니퍼/펜치/플라이어,일반공구
첼라(워터펌프플라이어)12'',니퍼/펜치/플라이어,일반공구
첼라12',니퍼/펜치/플라이어,일반공구
초경 홀쏘,기타공구,기타공구
초정밀드라이버,드라이버,일반공구
축구공,기타 생활용품,생활용품
충전 / 휴대용 에어펌프 / 공기압 주입기,에어건/콤프레셔,전동공구
충전 그라인더,그라인더,전동공구
충전 드라이버 드릴,전동드릴,전동공구
충전 드라이버/렌치,전동드라이버,전동공구
충전 드라이버드릴,전동드릴,전동공구
충전 드라이버드릴(16V),전동드라이버,전동공구
충전 드라이버드릴(18V),전동드라이버,전동공구
충전 드릴,전동드릴,전동공구
충전 드릴 드라이버,전동드릴,전동공구
충전 멀티커터,기타 전동공구,전동공구
충전 무선글루건,기타 전동공구,전동공구
충전 미니 드릴,전동드릴,전동공구
충전 미니 송풍기,에어건/콤프레셔,전동공구
충전 브로와,기타 전동공구,전동공구
충전 송풍기,기타 전동공구,전동공구
충전 스크류 드라이버,전동드라이버,전동공구
충전 스크류드라이버,공구세트,일반공구
충전 임팩 드라이버,전동드라이버,전동공구
충전 임팩 전동드릴,전동드릴,전동공구
충전 임팩드라이버,드라이버,일반공구
충전 임팩드릴,전동드릴,전동공구
충전 임팩전동드릴,드라이버,일반공구
충전 임팩트 드라이버,전동드라이버,전동공구
충전 임팩트 드라이버(Aimsak AI 414M),전동드릴,전동공구
충전 전동 드라이버,전동드라이버,전동공구
충전 전동 해머드릴 (무선),전동드릴,전동공구
충전 전동그라인더,전동공구세트,전동공구
충전 전동드릴,전동드릴,전동공구
충전 전동드릴(계양),전동드릴,전동공구
충전 전동드릴(보쉬),전동드릴,전동공구
충전 전동드릴(아임삭),전동드릴,전동공구
충전 콤보 세트,전동드라이버,전동공구
충전 함마드릴,해머드릴,전동공구
충전 함마드릴 드라이버,전동드라이버,전동공구
충전 해머 드릴 드라이버,해머드릴,전동공구
충전 해머드릴,해머드릴,전동공구
충전 해머드릴 보쉬,해머드릴,전동공구
충전 해머드릴(콘크리트드릴),해머드릴,전동공구
충전 햄머드릴,해머드릴,전동공구
충전 햄머드릴(18V),해머드릴,전동공구
충전 헤머드릴,해머드릴,전동공구
충전공구,기타 전동공구,전동공구
충전그라인더,기타공구,기타공구
충전기,전동공구세트,전동공구
충전드라이버,전동드라이버,전동공구
충전드라이버 드릴,전동드릴,전동공구
충전드라이버(대),전동드라이버,전동공구
충전드라이버(소),전동드라이버,전동공구
충전드라이버(소형),전동드릴,전동공구
충전드라이버드릴,전동드라이버,전동공구
충전드라이버드릴-AIMSAK B25L18DF,전동드릴,전동공구
충전드릴,전동공구세트,전동공구
충전드릴 (No. 1),전동드릴,전동공구
충전드릴 1개,전동드릴,전동공구
충전드릴 AD 314(2),전동드릴,전동공구
충전드릴 드라이버,전동드라이버,전동공구
충전드릴 드라이버세트,전동공구세트,전동공구
충전드릴 세트,전동드릴,전동공구
충전드릴(18V),전동드릴,전동공구
충전드릴(DD-1801L-2S),전동드릴,전동공구
충전드릴(기리세트 별도),전동드릴,전동공구
충전드릴(무선),전동드릴,전동공구
충전드릴(소형),기타 전동공구,전동공구
충전드릴14.4,전동드릴,전동공구
충전드릴3개,전동드릴,전동공구
충전드릴드라이버,전동드릴,전동공구
충전드릴세트,전동드릴,전동공구
충전드릴셋트 2개,전동드릴,전동공구
충전랜턴,기타 생활용품,생활용품
충전멀티커터,전동절단/톱/직소,전동공구
충전브로와,에어건/콤프레셔,전동공구
충전송풍기,기타 전동공구,전동공구
충전송풍기베어툴,기타공구,기타공구
충전스크류드라이버,전동공구세트,전동공구
충전식 드라이버 드릴,전동드릴,전동공구
충전식 드릴 1개,전동드릴,전동공구
충전식 볼 그립 드라이버,전동드라이버,전동공구
충전식 송풍기,기타 전동공구,전동공구
충전식 스크류 드라이버,전동드라이버,전동공구
충전식 작업등,랜턴,전동공구
충전식 전기드릴(10.8v),전동드릴,전동공구
"충전식 전기드릴(18v-2,0Ah, 3,0Ah)",전동드릴,전동공구
충전식 전동드릴,전동드릴,전동공구
충전식 전동드릴(1),전동드릴,전동공구
충전식 전동드릴(2),전동드릴,전동공구
충전식 전동드릴(3),전동드릴,전동공구
충전식 전동드릴A,전동드릴,전동공구
충전식 전동드릴B,전동드릴,전동공구
충전식 전동톱,전동절단/톱/직소,전동공구
충전식 타카,전동타카,전동공구
"충전식 타카, 타카핀세트",전동타카,전동공구
충전식LED랜턴,랜턴,전동공구
충전식드릴 임펙트,전동드릴,전동공구
충전식스크류드라이버,드라이버,일반공구
충전식임펙트드릴,전동드릴,전동공구
충전식전동드릴,전동드릴,전동공구
충전식전동드릴(1),전동드릴,전동공구
충전앰팩트드라이버,전동드라이버,전동공구
충전용 사포기계,샌더/대패,전동공구
충전용 해머드릴(전동드릴),해머드릴,전동공구
충전원형샌더,샌더/대패,전동공구
충전임팩,전동드릴,전동공구
충전임팩 드라이버,전동공구세트,전동공구
충전임팩드라이버,전동드라이버,전동공구
충전임팩드라이버 18v,전동드라이버,전동공구
충전임팩드라이버 배터리,전동드라이버,전동공구
충전임팩드라이버 충전기,전동드라이버,전동공구
충전임팩드릴세트,전동드릴,전동공구
충전임팩트드릴,전동공구세트,전동공구
충전전동드릴,전동공구세트,전동공구
충전줌라이트,기타 일반공구,일반공구
충전컷소 베어툴,기타 일반공구,일반공구
충전컷소베어툴,전동절단/톱/직소,전동공구
충전컷쏘,전동절단/톱/직소,전동공구
충전함마드릴,해머드릴,전동공구
충전함마드릴(디월트),전동드릴,전동공구
충전함마드릴(충전해머드릴),해머드릴,전동공구
충전함마드릴드라이버,전동드릴,전동공구
충전함머드릴,해머드릴,전동공구
충전해머드릴,전동드라이버,전동공구
충전해머드릴 보쉬,해머드릴,전동공구
충전해머드릴(GSB 18V-21),해머드릴,전동공구
충전해머드릴(계양),해머드릴,전동공구
"충전해머드릴(계양, 아임삭)",해머드릴,전동공구
충전해머드릴(보쉬),해머드릴,전동공구
충전해머드릴드라이버,해머드릴,전동공구
충전햄머드릴,전동드릴,전동공구
충전햄머드릴(16V MAX),해머드릴,전동공구
충전헤지커터,커터/절단공구,일반공구
층간소음측정기,기타 생활용품,생활용품
침구 및 다목적 살균기,청소용품,생활용품
침구류살균청소기,청소용품,생활용품
침구청소기,청소용품,생활용품
카메라,기타 생활용품,생활용품
카본손타카,타카/접착용품,일반공구
카빙나이프,목공/미장,일반공구
카타,커터/절단공구,일반공구
카터기 1개,커터/절단공구,일반공구
카트,기타 생활용품,생활용품
카트(끌차),바퀴/핸드카,일반공구
칼,기타공구,기타공구
칼갈이,기타 생활용품,생활용품
칼라드라이버 24개,드라이버,일반공구
캇쏘,전동절단/톱/직소,전동공구
캇쏘(1),커터/절단공구,일반공구
캇타,커터/절단공구,일반공구
캇타칼 1개,커터/절단공구,일반공구
"캇타칼, 날, 가위",기타 일반공구,일반공구
캇터 1개,커터/절단공구,일반공구
캐리어,기타 생활용품,생활용품
캘리퍼3개,자/측정공구,일반공구
캘리퍼스,자/측정공구,일반공구
캠핑 릴선,캠핑용품,생활용품
캠핑 스텐레스 식기세트25pcs,캠핑용품,생활용품
캠핑등,캠핑용품,생활용품
캠핑용 고기 불판,캠핑용품,생활용품
캠핑용 대용량 보조배터리,기타 생활용품,생활용품
캠핑용 의자 (신),캠핑용품,생활용품
캠핑용 코펠세트,캠핑용품,생활용품
캠핑용 테이블,캠핑용품,생활용품
캠핑웨건,캠핑용품,생활용품
캠핑의자,기타 생활용품,생활용품
캠핑테이블,기타 생활용품,생활용품
캠핑테이블 세트,캠핑용품,생활용품
캠핑테이블의자세트,캠핑용품,생활용품
커밋 캠핑체어,캠핑용품,생활용품
커터,커터/절단공구,일반공구
커터/절단공구,커터/절단공구,일반공구
커터기,커터/절단공구,일반공구
커터기(소),커터/절단공구,일반공구
커터칼,커터/절단공구,일반공구
"커터칼, 날, 가위",커터/절단공구,일반공구
커트절단기,커터/절단공구,일반공구
컴비네이션렌치셋트 1개,몽키/렌치/스패너,일반공구
컴팩트드라이버 2종 콤보세트,전동드라이버,전동공구
컴프레서,기타공구,기타공구
컷소,기타 전기제품,전동공구
컷소 날,커터/절단공구,일반공구
컷소기,전동절단/톱/직소,전동공구
컷소기(US-400XE),전동절단/톱/직소,전동공구
컷쏘날 1세트 / 금속용 컷쏘날 1세트,전동절단/톱/직소,전동공구
"컷트절단기(12#,18#)",커터/절단공구,일반공구
"컷트절단기(12,18#)",커터/절단공구,일반공구
케이블 릴,전선릴,전동공구
케이블 릴 선,기타 전기제품,전동공구
케이블릴,전선릴,전동공구
케이블릴선,자전거공구,일반공구
케이블릴선(50M) 1개,전선릴,전동공구
코너플렉시블(RABO-M 샤프트),기타 전동공구,전동공구
코드릴,전선릴,전동공구
코메론 줄자,자/측정공구,일반공구
코이코 플라이어,니퍼/펜치/플라이어,일반공구
코킹건,기타 일반공구,일반공구
코팅기,사무가전,생활용품
코펠,캠핑용품,생활용품
콘기리,못/나사/철사,일반공구
콘기리 3.5mm,기타 일반공구,일반공구
콘기리 6.5mm,기타 일반공구,일반공구
콘크리트 드릴,전동공구세트,전동공구
"콘크리트 드릴 3,0MM 20개",전동드릴,전동공구
"콘크리트 드릴 6,5MM 20개",전동드릴,전동공구
콘크리트 드릴 비트(10.0mm),비트,전동공구
콘크리트 드릴 비트(4.8mm),비트,전동공구
콘크리트 드릴 비트(6.0mm),비트,전동공구
콘크리트 드릴 비트(6.4mm),비트,전동공구
콘크리트 드릴 비트세트,비트,전동공구
콘크리트 드릴날,비트,전동공구
콘크리트 드릴비트,목공/미장,일반공구
콘크리트 해머드릴,해머드릴,전동공구
콘크리트기리 1세트,비트,전동공구
콘크리트기리(드릴날),못/나사/철사,일반공구
콘크리트기리/6MM,드라이버,일반공구
콘크리트기리세트,공구세트,일반공구
콘크리트드릴비트,공구세트,일반공구
콘크리트드릴비트 세트,기타 전동공구,전동공구
콘크리트드릴비트5P,비트,전동공구
콘크리트드릴세트,전동드릴,전동공구
콘크리트용 못,못/나사/철사,일반공구
콘크리트충전드릴(4개),전동드릴,전동공구
콘크리트타카,타카/접착용품,일반공구
콘크리트해머드릴(4개),해머드릴,전동공구
콘트리트드릴비트,드라이버,일반공구
콤비네이션 렌치,공구세트,일반공구
콤비네이션 렌치 세트,몽키/렌치/스패너,일반공구
콤비네이션 렌치 세트(14pcs),몽키/렌치/스패너,일반공구
콤비네이션 렌치세트,몽키/렌치/스패너,일반공구
콤비네이션렌치세트 1개,몽키/렌치/스패너,일반공구
콤비레이션렌치,니퍼/펜치/플라이어,일반공구
콤비스파나세트,몽키/렌치/스패너,일반공구
콤비스패너,몽키/렌치/스패너,일반공구
콤비스퍼너(6PC),몽키/렌치/스패너,일반공구
콤파스,자/측정공구,일반공구
콤푸레샤,에어건/콤프레셔,전동공구
콤푸레셔,에어건/콤프레셔,전동공구
콤프레샤,도장/페인트,일반공구
콤프레샤(2.5HP),에어건/콤프레셔,전동공구
콤프레서,에어건/콤프레셔,전동공구
콤프레셔,기타공구,기타공구
콤프레셔 / 수리 중입니다.,에어건/콤프레셔,전동공구
콩크리트기리(6m),비트,전동공구
크로우바,몽키/렌치/스패너,일반공구
큰 줄자,자/측정공구,일반공구
큰톱,톱/낫/삽/원예공구,일반공구
클램프,바이스/클램프,일반공구
클램프걸이대 1개,바이스/클램프,일반공구
클램프테스타 1개,바이스/클램프,일반공구
"타이어 게이지(기본형, 공기압 측정)",기타 생활용품,생활용품
타이어게이지,기타 일반공구,일반공구
타일커터기,커터/절단공구,일반공구
타일커터기(500mm),커터/절단공구,일반공구
타지마 줄자 7.5m,자/측정공구,일반공구
타지마줄자,자/측정공구,일반공구
타지마줄자(3m),자/측정공구,일반공구
타지마줄자(7.5M),자/측정공구,일반공구
타카,타카/접착용품,일반공구
타카 1개,타카/접착용품,일반공구
타카 본체 (타카핀x),타카/접착용품,일반공구
타카(1자),타카/접착용품,일반공구
타카(SMATO AT-519),타카/접착용품,일반공구
타카(ㄷ자),타카/접착용품,일반공구
타카(소),커터/절단공구,일반공구
타카(일자),타카/접착용품,일반공구
타카건,타카/접착용품,일반공구
타카건(손타카),타카/접착용품,일반공구
타카심,타카/접착용품,일반공구
타카핀,기타공구,기타공구
타카핀 8mm,못/나사/철사,일반공구
타카핀 R-13/10mm 2500PCS,타카/접착용품,일반공구
타카핀(12mm),타카/접착용품,일반공구
타카핀(1자),전동타카,전동공구
타카핀(ㄷ자),전동타카,전동공구
"타카핀(본체, 핀)",타카/접착용품,일반공구
타카핀/6212,타카/접착용품,일반공구
타카핀제거기,기타 일반공구,일반공구
탭 드릴 세트,기타 일반공구,일반공구
탱크팡,기타 일반공구,일반공구
"탱크팡 콤보(콘크리트 못박기용 집게, 손보호기 팡팡)/만능다기능 망치",기타 일반공구,일반공구
테스타기(DM-1010),자/측정공구,일반공구
테스타기(ST-506TR-3),자/측정공구,일반공구
테스터,자/측정공구,일반공구
테스터기 1개,자/측정공구,일반공구
테스트,기타공구,기타공구
테이블,행사용품,생활용품
테이블 및 의자 1개,행사용품,생활용품
텐트,캠핑용품,생활용품
텐트용 실내 매트,캠핑용품,생활용품
토션 비트,기타 일반공구,일반공구
토이카트 엠버,기타 생활용품,생활용품
토이카트 폴리,기타 생활용품,생활용품
토치,니퍼/펜치/플라이어,일반공구
토크렌치,기타 생활용품,생활용품
톱,기타공구,기타공구
톱 1개,톱/낫/삽/원예공구,일반공구
톱(300mm),톱/낫/삽/원예공구,일반공구
톱(350mm),톱/낫/삽/원예공구,일반공구
톱(대),톱/낫/삽/원예공구,일반공구
톱(대형),톱/낫/삽/원예공구,일반공구
톱(목공용),톱/낫/삽/원예공구,일반공구
톱(소),톱/낫/삽/원예공구,일반공구
톱(소형),톱/낫/삽/원예공구,일반공구
톱(쇠톱),톱/낫/삽/원예공구,일반공구
톱(외날),톱/낫/삽/원예공구,일반공구
톱(접이식),톱/낫/삽/원예공구,일반공구
톱(중),톱/낫/삽/원예공구,일반공구
톱(코메론),톱/낫/삽/원예공구,일반공구
톱/낫/삽/원예공구,톱/낫/삽/원예공구,일반공구
톱/전정톱,톱/낫/삽/원예공구,일반공구
톱1,톱/낫/삽/원예공구,일반공구
톱270mm),톱/낫/삽/원예공구,일반공구
톱날,기타 일반공구,일반공구
톱날 교체용,톱/낫/삽/원예공구,일반공구
톱날 철판용,톱/낫/삽/원예공구,일반공구
톱날(타지마),톱/낫/삽/원예공구,일반공구
톱대,커터/절단공구,일반공구
톱대(알루미늄핸들) 12“,톱/낫/삽/원예공구,일반공구
톱대/날 쇠톱대12″ (회전형/헤피티),톱/낫/삽/원예공구,일반공구
톱류,톱/낫/삽/원예공구,일반공구
톱세트 1개,톱/낫/삽/원예공구,일반공구
톱자루(1)+톱날(2),톱/낫/삽/원예공구,일반공구
톱자루+톱날,톱/낫/삽/원예공구,일반공구
툴앤툴 해머드릴 18.5V,해머드릴,전동공구
튜브커터,커터/절단공구,일반공구
튜브커터(파이프커터),커터/절단공구,일반공구
트리머,전동절단/톱/직소,전동공구
트리머2개,전동절단/톱/직소,전동공구
트리머셋1개,전동절단/톱/직소,전동공구
틴닝가위,기타 생활용품,생활용품
파괴 해머드릴,해머드릴,전동공구
파괴드릴,전동드릴,전동공구
파괴해머드릴,해머드릴,전동공구
파괴햄머드릴,해머드릴,전동공구
파라솔세트,행사용품,생활용품
파랑 원형바구니 2,김장용품,생활용품
파쇄햄머,해머드릴,전동공구
파워압축기 1개,압축/오일,일반공구
파워점프케이블,기타 일반공구,일반공구
파워크레인,기타 일반공구,일반공구
파이 프렌치(300MM),몽키/렌치/스패너,일반공구
파이프 렌치,기타공구,기타공구
파이프 렌치,기타공구,기타공구
파이프 렌치 10',몽키/렌치/스패너,일반공구
파이프 렌치 10inch,몽키/렌치/스패너,일반공구
파이프 렌치 12',몽키/렌치/스패너,일반공구
파이프 렌치 12inch,몽키/렌치/스패너,일반공구
파이프 렌치 14',몽키/렌치/스패너,일반공구
파이프 렌치 14inch,몽키/렌치/스패너,일반공구
파이프 렌치 1개,니퍼/펜치/플라이어,일반공구
파이프 렌치10',몽키/렌치/스패너,일반공구
파이프 렌치12',몽키/렌치/스패너,일반공구
파이프 렌치14',몽키/렌치/스패너,일반공구
파이프 커터,커터/절단공구,일반공구
파이프그립플라이어,바이스/클램프,일반공구
파이프랜치,기타 일반공구,일반공구
파이프랜치(10inch),몽키/렌치/스패너,일반공구
파이프랜치(10세신) 1개,몽키/렌치/스패너,일반공구
파이프랜치(12inch),몽키/렌치/스패너,일반공구
파이프랜치(12세신) 1개,몽키/렌치/스패너,일반공구
파이프랜치(8inch),몽키/렌치/스패너,일반공구
"파이프랜치(대,소)",몽키/렌치/스패너,일반공구
"파이프랜치(대,중,소)",몽키/렌치/스패너,일반공구
파이프렌지,몽키/렌치/스패너,일반공구
파이프렌지(10″),몽키/렌치/스패너,일반공구
파이프렌찌(알미늄),몽키/렌치/스패너,일반공구
파이프렌치,기타공구,기타공구
파이프렌치,기타공구,기타공구
파이프렌치  14″,몽키/렌치/스패너,일반공구
파이프렌치 (10'),몽키/렌치/스패너,일반공구
파이프렌치 (12'),몽키/렌치/스패너,일반공구
파이프렌치 10,몽키/렌치/스패너,일반공구
파이프렌치 10인치,기타 일반공구,일반공구
파이프렌치 12,몽키/렌치/스패너,일반공구
파이프렌치 12',몽키/렌치/스패너,일반공구
파이프렌치 12″,몽키/렌치/스패너,일반공구
파이프렌치 12인치,몽키/렌치/스패너,일반공구
파이프렌치 14'' 1개,몽키/렌치/스패너,일반공구
파이프렌치 14인치,몽키/렌치/스패너,일반공구
파이프렌치 18,몽키/렌치/스패너,일반공구
파이프렌치 18인치,몽키/렌치/스패너,일반공구
파이프렌치 1개,몽키/렌치/스패너,일반공구
파이프렌치 4',몽키/렌치/스패너,일반공구
파이프렌치 대,몽키/렌치/스패너,일반공구
"파이프렌치 대,중",몽키/렌치/스패너,일반공구
"파이프렌치 대,중,소",몽키/렌치/스패너,일반공구
파이프렌치 소,몽키/렌치/스패너,일반공구
파이프렌치 중,몽키/렌치/스패너,일반공구
파이프렌치(1),몽키/렌치/스패너,일반공구
파이프렌치(10'),몽키/렌치/스패너,일반공구
파이프렌치(10인치),몽키/렌치/스패너,일반공구
파이프렌치(12,몽키/렌치/스패너,일반공구
"파이프렌치(12#,14#)",몽키/렌치/스패너,일반공구
파이프렌치(12'),몽키/렌치/스패너,일반공구
파이프렌치(12),몽키/렌치/스패너,일반공구
"파이프렌치(12,14#)",몽키/렌치/스패너,일반공구
파이프렌치(12인치),몽키/렌치/스패너,일반공구
파이프렌치(14,몽키/렌치/스패너,일반공구
파이프렌치(14'),몽키/렌치/스패너,일반공구
파이프렌치(14),몽키/렌치/스패너,일반공구
파이프렌치(14인치),몽키/렌치/스패너,일반공구
파이프렌치(18),몽키/렌치/스패너,일반공구
파이프렌치(18인치),몽키/렌치/스패너,일반공구
파이프렌치(2),몽키/렌치/스패너,일반공구
파이프렌치(300mm),몽키/렌치/스패너,일반공구
파이프렌치(大),몽키/렌치/스패너,일반공구
파이프렌치(小),몽키/렌치/스패너,일반공구
"파이프렌치(대,중,소) 1개",몽키/렌치/스패너,일반공구
파이프렌치(대?중?소?),톱/낫/삽/원예공구,일반공구
파이프렌치(블루텍),몽키/렌치/스패너,일반공구
파이프렌치10,몽키/렌치/스패너,일반공구
파이프렌치12,몽키/렌치/스패너,일반공구
파이프렌치12',몽키/렌치/스패너,일반공구
파이프렌치12'',몽키/렌치/스패너,일반공구
파이프렌치12(소),몽키/렌치/스패너,일반공구
파이프렌치12인치,기타 일반공구,일반공구
파이프렌치12＂,몽키/렌치/스패너,일반공구
파이프렌치14,몽키/렌치/스패너,일반공구
파이프렌치14',몽키/렌치/스패너,일반공구
파이프렌치14(대),몽키/렌치/스패너,일반공구
파이프렌치14인치,몽키/렌치/스패너,일반공구
파이프렌치14＂,몽키/렌치/스패너,일반공구
파이프스패너,몽키/렌치/스패너,일반공구
파이프카타,커터/절단공구,일반공구
파이프커터,커터/절단공구,일반공구
파이프커터 22mm,커터/절단공구,일반공구
파이프커팅기,커터/절단공구,일반공구
파이프컷트기,커터/절단공구,일반공구
파이프클램프 47개,바이스/클램프,일반공구
팬치,니퍼/펜치/플라이어,일반공구
팬치(200mm),니퍼/펜치/플라이어,일반공구
펀칭기,기타 일반공구,일반공구
펌프,자전거공구,일반공구
페이팅건,도장/페인트,일반공구
페인트 롤러,도장/페인트,일반공구
페인트롤러,도장/페인트,일반공구
페인트붓 5개,도장/페인트,일반공구
페인팅 건,도장/페인트,일반공구
페인팅건,도장/페인트,일반공구
페인팅건(콤프라샤용),도장/페인트,일반공구
페파 샌드기,샌더/대패,전동공구
펜지,니퍼/펜치/플라이어,일반공구
펜지(8인치),니퍼/펜치/플라이어,일반공구
펜찌,니퍼/펜치/플라이어,일반공구
펜치,기타공구,기타공구
펜치 1개,니퍼/펜치/플라이어,일반공구
펜치 2개,니퍼/펜치/플라이어,일반공구
펜치 6＂,니퍼/펜치/플라이어,일반공구
펜치 7'' 2개,니퍼/펜치/플라이어,일반공구
펜치 7＂,니퍼/펜치/플라이어,일반공구
펜치(1),니퍼/펜치/플라이어,일반공구
"펜치(150mm,175mm)",니퍼/펜치/플라이어,일반공구
펜치(2),니퍼/펜치/플라이어,일반공구
펜치(6#),니퍼/펜치/플라이어,일반공구
펜치(7inch),니퍼/펜치/플라이어,일반공구
펜치(8'') 1개,니퍼/펜치/플라이어,일반공구
펜치(8) 3개,니퍼/펜치/플라이어,일반공구
펜치(8″),니퍼/펜치/플라이어,일반공구
펜치(8인치),니퍼/펜치/플라이어,일반공구
펜치(9#),니퍼/펜치/플라이어,일반공구
펜치(9인치),니퍼/펜치/플라이어,일반공구
펜치(비압착),니퍼/펜치/플라이어,일반공구
펜치(소),니퍼/펜치/플라이어,일반공구
"펜치, 롱노즈",니퍼/펜치/플라이어,일반공구
펜치8',니퍼/펜치/플라이어,일반공구
펜치세트(3PCS),니퍼/펜치/플라이어,일반공구
평끌 13mm,목공/미장,일반공구
평끌 25mm,목공/미장,일반공구
포르토,기타 생활용품,생활용품
포스너비트셋트 1개,비트,전동공구
포켓 몽키,몽키/렌치/스패너,일반공구
포켓몽키,몽키/렌치/스패너,일반공구
포켓형 목공톱,톱/낫/삽/원예공구,일반공구
포티스 공구세트(40PCS),공구세트,일반공구
포티스 공구세트(40pcs),공구세트,일반공구
폴대,캠핑용품,생활용품
폴라로이드,기타공구,기타공구
폴라로이드 카메라,디지털가전,생활용품
폴라로이드카메라,디지털가전,생활용품
폴라로이드카메라(와이드),기타 생활용품,생활용품
폴라로이드카메라(필름별도),기타 생활용품,생활용품
프라이어,니퍼/펜치/플라이어,일반공구
프러그톱 1개,톱/낫/삽/원예공구,일반공구
프레스타어댑터,자전거공구,일반공구
프렌치세트,몽키/렌치/스패너,일반공구
프로몽키,몽키/렌치/스패너,일반공구
프로몽키(로보스터),몽키/렌치/스패너,일반공구
프로자켓줄자 1개,자/측정공구,일반공구
프로젝터,캠핑용품,생활용품
플라스틱공구통,기타공구,기타공구
플라이어,기타 일반공구,일반공구
플라이어,기타 일반공구,일반공구
플라이어 (10인치),니퍼/펜치/플라이어,일반공구
플라이어 10'' 1개,니퍼/펜치/플라이어,일반공구
플라이어 10″,니퍼/펜치/플라이어,일반공구
플라이어(1),니퍼/펜치/플라이어,일반공구
"플라이어(160mm,200mm)",니퍼/펜치/플라이어,일반공구
플라이어(2),니퍼/펜치/플라이어,일반공구
플라이어(6인치),니퍼/펜치/플라이어,일반공구
플라이어(8″),니퍼/펜치/플라이어,일반공구
플라이어(8인치),니퍼/펜치/플라이어,일반공구
플라이어(소),니퍼/펜치/플라이어,일반공구
플라이어(중형) 2개,니퍼/펜치/플라이어,일반공구
플라이어(첼라),니퍼/펜치/플라이어,일반공구
플라이어10＂,니퍼/펜치/플라이어,일반공구
플라이어6＂,니퍼/펜치/플라이어,일반공구
플라이어8',니퍼/펜치/플라이어,일반공구
플라이어8인치 1개,니퍼/펜치/플라이어,일반공구
플라이어8＂,니퍼/펜치/플라이어,일반공구
플라이어세트,니퍼/펜치/플라이어,일반공구
플라이어셋트 8피스,니퍼/펜치/플라이어,일반공구
플라토 니퍼,니퍼/펜치/플라이어,일반공구
플랙시블샤프트,기타 일반공구,일반공구
플러스비트 2날 (14*160),비트,전동공구
플렉서블 비트홀더,비트,전동공구
플렉시블 비트홀,기타 일반공구,일반공구
플렉시블 비트홀더,기타공구,기타공구
플렉시블비트홀더,비트,전동공구
피스 모듬세트,기타 일반공구,일반공구
피스 종류별(5종류) 모듬세트,기타 일반공구,일반공구
피스모듬세트,기타공구,기타공구
피스제거용비트,비트,전동공구
피톤치드 연무기,기타 생활용품,생활용품
핀 마이크,기타공구,기타공구
핀셋,기타공구,기타공구
하수구스프링청소기,청소용품,생활용품
하수구청소기,기타 생활용품,생활용품
하수청소기(10m),기타공구,기타공구
하이스 홀쏘,기타공구,기타공구
하이스날,커터/절단공구,일반공구
하이스톱날,톱/낫/삽/원예공구,일반공구
한복 (아이/성인),캠핑용품,생활용품
함마,망치/함마/장도리,일반공구
함마(中),망치/함마/장도리,일반공구
함마(대),망치/함마/장도리,일반공구
함마(무진동 망치),망치/함마/장도리,일반공구
함마기리 1개,비트,전동공구
함마드릴,망치/함마/장도리,일반공구
함마드릴 10.8V,해머드릴,전동공구
함마드릴 18V,해머드릴,전동공구
함마드릴 1개,해머드릴,전동공구
함마드릴(경량) 1개,해머드릴,전동공구
함마드릴(소),해머드릴,전동공구
함마드릴(중),해머드릴,전동공구
함마드릴220v(10m),해머드릴,전동공구
함마드릴비트,망치/함마/장도리,일반공구
함마전동드릴,해머드릴,전동공구
함마전동드릴(보쉬),전동드릴,전동공구
함마전동드릴(스킬),전동드릴,전동공구
함마전동드릴세트(유선),전동드릴,전동공구
함머드릴,해머드릴,전동공구
함석가위,기타 일반공구,일반공구
함석가위 1개,톱/낫/삽/원예공구,일반공구
핫매트봉,기타공구,기타공구
핫멜트 건,기타 일반공구,일반공구
핫멜트 글루건,타카/접착용품,일반공구
핫멜트건,기타공구,기타공구
핫멜트건(글루건),기타 전동공구,전동공구
핫멜트건40W,기타 일반공구,일반공구
핫멜트건심,기타 일반공구,일반공구
핫멜트그루건,기타 일반공구,일반공구
핫멜트글루건,타카/접착용품,일반공구
핫멜트알,타카/접착용품,일반공구
핫멜트진,타카/접착용품,일반공구
항공 가위,커터/절단공구,일반공구
항공가위,커터/절단공구,일반공구
"항공가위,전지가위",커터/절단공구,일반공구
해라,청소용품,생활용품
해머,망치/함마/장도리,일반공구
해머 드릴,해머드릴,전동공구
해머 전동 드릴세트,해머드릴,전동공구
해머(0.9KG),망치/함마/장도리,일반공구
해머(중),기타공구,기타공구
해머드릴,전동드릴,전동공구
해머드릴 드라이버,해머드릴,전동공구
해머드릴 비트 세트(철재),비트,전동공구
해머드릴 비트 세트(콘크리트),비트,전동공구
해머드릴 세트,해머드릴,전동공구
해머드릴 유선,해머드릴,전동공구
해머드릴(2),해머드릴,전동공구
해머드릴(계양),해머드릴,전동공구
해머드릴(대),해머드릴,전동공구
해머드릴(무선),전동드릴,전동공구
"해머드릴(무선, 충천용)",해머드릴,전동공구
해머드릴(보쉬),해머드릴,전동공구
해머드릴(유선),해머드릴,전동공구
해머드릴(콘크리트 타공용),해머드릴,전동공구
해머드릴비트 세트,전동공구세트,전동공구
해머드릴세트,전동공구세트,전동공구
해머망치,망치/함마/장도리,일반공구
해빙/용접기,용접/납공구,일반공구
해빙기,기타공구,기타공구
해빙기(ROKO-3300),기타공구,기타공구
핸드 그라인더,그라인더,전동공구
핸드 그라인더 1개,그라인더,전동공구
핸드 드라이버,드라이버,일반공구
핸드그라인더,그라인더,전동공구
핸드그라인더+날,그라인더,전동공구
핸드드라이버,드라이버,일반공구
핸드드릴,해머드릴,전동공구
핸드드릴 1개,해머드릴,전동공구
핸드믹서,기타 생활용품,생활용품
핸드사포,기타공구,기타공구
핸드소켓렌치세트32pcs,몽키/렌치/스패너,일반공구
핸드카,기타공구,기타공구
핸드카,기타공구,기타공구
핸드카 철제바구니,기타 생활용품,생활용품
핸드카트,기타공구,기타공구
핸드타카,타카/접착용품,일반공구
핸드타카건,타카/접착용품,일반공구
핸드탭세트,공구세트,일반공구
핸드톱,톱/낫/삽/원예공구,일반공구
핸드펌프,자전거공구,일반공구
핸드펌프 SM-HP5(초고압용),기타 일반공구,일반공구
핸드형 타일커터,커터/절단공구,일반공구
핸디덤프카트,바퀴/핸드카,일반공구
핸디클램프,바이스/클램프,일반공구
햄머 드릴,전동공구세트,전동공구
햄머드릴,전동드릴,전동공구
햄머드릴 1개,해머드릴,전동공구
햄머드릴세트,해머드릴,전동공구
헤나,청소용품,생활용품
헤드셋 마이크,기타공구,기타공구
헤라,기타공구,기타공구
헤라 3인치,청소용품,생활용품
헤라 5인치,청소용품,생활용품
헤어고데기,미용가전,생활용품
헤어드라이기,미용가전,생활용품
헤어롤세트,미용가전,생활용품
헤어아이론,미용가전,생활용품
헤지커터,전동절단/톱/직소,전동공구
헨디줄자 6개,자/측정공구,일반공구
현대오피스 A4코팅기,사무가전,생활용품
혈당계,기타 생활용품,생활용품
혈당시험지,기타 생활용품,생활용품
호미,목공/미장,일반공구
호삽,톱/낫/삽/원예공구,일반공구
호수닐선(물청소용),청소용품,생활용품
호수코드릴,청소용품,생활용품
호스,청소용품,생활용품
호스(컴프레서),기타 일반공구,일반공구
호스릴,청소용품,생활용품
호스릴,청소용품,생활용품
호스릴(20m),기타공구,기타공구
호스릴선,기타공구,기타공구
혼합드릴비트 2개,비트,전동공구
홀쏘(3종),기타 일반공구,일반공구
홀형 별비트,드라이버,일반공구
화신가위,톱/낫/삽/원예공구,일반공구
화이바 빠루망치,망치/함마/장도리,일반공구
화이트보드 피켓,행사용품,생활용품
확대경 1개,자/측정공구,일반공구
확성기,기타공구,기타공구
확성기(강의용 무선 마이크),디지털가전,생활용품
회로시험기,자/측정공구,일반공구
후레쉬,랜턴,전동공구
후쿠메타,자/측정공구,일반공구
후크 커터칼,커터/절단공구,일반공구
후크메타,기타 일반공구,일반공구
휠체어,기타 생활용품,생활용품
휴대용 / 차량용 / 캠핑용 냉장고,캠핑용품,생활용품
휴대용 5단 사다리,사다리,일반공구
휴대용 개인용 저주파자극기,기타 생활용품,생활용품
휴대용 공구세트,공구세트,일반공구
휴대용 기가폰,기타공구,기타공구
휴대용 미세먼지측정기,기타 생활용품,생활용품
휴대용 미싱기,재봉공구,생활용품
휴대용 버너,캠핑용품,생활용품
휴대용 사다리(3단),사다리,일반공구
휴대용 소음 측정기,자/측정공구,일반공구
휴대용공구세트,공구세트,일반공구
휴대용에어펌프,기타 생활용품,생활용품
휴대용유모차,기타 생활용품,생활용품
휴대용육각렌치,몽키/렌치/스패너,일반공구
흙손,도장/페인트,일반공구
힐티기리6mm,비트,전동공구